tissue	neuronID	peak	stim
antenna	1	-0.111271676300578	heat
antenna	2	-0.0524017467248909	heat
antenna	3	-0.0228192859771807	heat
antenna	4	-0.00426191398682677	heat
antenna	5	0.0148750821827744	heat
antenna	6	0.0206944931602945	heat
antenna	7	0.022085259373395	heat
antenna	8	0.0545866759679108	heat
antenna	9	0.0559606270506743	heat
antenna	10	0.0567474790817421	heat
antenna	11	0.0455108359133127	heat
antenna	12	0.0565713584488893	heat
antenna	13	0.048565676899849	heat
antenna	14	0.0946581555518226	heat
antenna	15	0.136917633182622	heat
antenna	16	-0.0390420607768163	heat
antenna	17	-0.0203678370573037	heat
antenna	18	-7.93231094658941e-4	heat
antenna	19	-4.0744261849785e-4	heat
antenna	20	0.0100266940255464	heat
antenna	21	0.0146447380578398	heat
antenna	22	-0.00294761656176147	heat
antenna	23	0.0157553290083412	heat
antenna	24	0.0156757790097495	heat
antenna	25	0.0441693236767213	heat
antenna	26	0.0458867009791715	heat
antenna	27	0.00595761304814923	heat
antenna	28	0.0189182777843672	heat
antenna	29	0.0505154639175258	heat
antenna	30	0.0716653897200592	heat
antenna	31	0.0472370766488414	heat
antenna	32	0.107379375591296	heat
antenna	33	0.189505637467476	heat
antenna	34	0.21314041033353	heat
antenna	35	-0.0537709497206704	heat
antenna	36	-0.00565610859728507	heat
antenna	37	-0.00138108391275365	heat
antenna	38	-0.00360514557450123	heat
antenna	39	0.013235294117647	heat
antenna	40	0.00614752905432482	heat
antenna	41	-0.00780814088664512	heat
antenna	42	0.0149091627172196	heat
antenna	43	0.0201827165097418	heat
antenna	44	0.0171064210195316	heat
antenna	45	-0.0234375	heat
antenna	46	0.0305220200646149	heat
antenna	47	0.0366031322083283	heat
antenna	48	0.0190331817416203	heat
antenna	49	0.00913487372380445	heat
antenna	50	0.0572421254336295	heat
antenna	51	0.0694558944178891	heat
antenna	52	0.0524429578306057	heat
antenna	53	0.0670774056894568	heat
antenna	54	-0.0444117027994107	heat
antenna	55	-0.0409196191129792	heat
antenna	56	-0.0201656765124257	heat
antenna	57	-0.00122129946262832	heat
antenna	58	-0.00190823861279347	heat
antenna	59	3.24184136589607e-4	heat
antenna	60	3.33873891061682e-4	heat
antenna	61	0.0037359900373599	heat
antenna	62	0.0152401623100878	heat
antenna	63	0.00606493043168027	heat
antenna	64	-0.00989873036163811	heat
antenna	65	0.00247675461597108	heat
antenna	66	-0.0288421491045397	heat
antenna	67	-0.00500500500500501	heat
antenna	68	0.0236425165128167	heat
antenna	69	0.0143141426906556	heat
antenna	70	-0.0173267326732673	heat
antenna	71	0.0090704542258473	heat
antenna	72	0.0611678994266805	heat
antenna	73	0.0774659283927841	heat
antenna	74	-0.0737129485179408	heat
antenna	75	-0.0492107706592386	heat
antenna	76	-0.0335570469798658	heat
antenna	77	-0.0221322679003259	heat
antenna	78	-0.0329057445621862	heat
antenna	79	-0.0203384646752982	heat
antenna	80	-0.00481555515173539	heat
antenna	81	-0.00311788577650202	heat
antenna	82	0.00209006270188104	heat
antenna	83	0.00431483410206816	heat
antenna	84	0.0077932316902106	heat
antenna	85	0.0137544574630668	heat
antenna	86	0.0142516527582095	heat
antenna	87	-0.00389546229378927	heat
antenna	88	0.0047373961866885	heat
antenna	89	0.022990522990523	heat
antenna	90	0.00373619843209565	heat
antenna	91	-7.22917092589753e-4	heat
antenna	92	-0.00376583361862372	heat
antenna	93	0.0511435151173263	heat
antenna	94	0.067094094274878	heat
antenna	95	0.0471394037066881	heat
antenna	96	0.0691432340571615	heat
antenna	97	0.14997104806022	heat
antenna	98	-0.0361768646717284	heat
antenna	99	-0.0356744704570791	heat
antenna	100	-0.0414411848476218	heat
antenna	101	-0.0434207626184703	heat
antenna	102	-0.0363967242948135	heat
antenna	103	-0.00662402923709459	heat
antenna	104	-0.00261515380624235	heat
antenna	105	-7.86555731791085e-4	heat
antenna	106	0.0120653619608589	heat
antenna	107	0.0130870263630351	heat
antenna	108	-0.00577366929168315	heat
antenna	109	-0.00288643695011132	heat
antenna	110	0.0084559631012519	heat
antenna	111	0.0303975110416387	heat
antenna	112	0.0394886778745272	heat
antenna	113	0.0287757630363779	heat
antenna	114	0.0627972520697552	heat
antenna	115	0.0592618878637332	heat
antenna	116	0.0731688271122911	heat
antenna	117	0.0711849957374254	heat
antenna	118	0.098159509202454	heat
antenna	119	0.0928471537331722	heat
antenna	120	0.0421666095303394	heat
antenna	121	0.0706921944035346	heat
antenna	122	-0.13622788881231301	heat
antenna	123	-0.0351431927003342	heat
antenna	124	-0.0285611961679649	heat
antenna	125	-0.0207175341081354	heat
antenna	126	-0.0161231220227188	heat
antenna	127	-0.0236929104934492	heat
antenna	128	-0.00864731315626921	heat
antenna	129	-0.00599400599400594	heat
antenna	130	0.00375822110867516	heat
antenna	131	0.0067926757235676	heat
antenna	132	0.00228187562381716	heat
antenna	133	0.0113152969201974	heat
antenna	134	0.011587982832618	heat
antenna	135	0.0106031893601154	heat
antenna	136	0.0145172180958813	heat
antenna	137	0.0239993356585285	heat
antenna	138	0.0323811069631554	heat
antenna	139	0.0381775791723334	heat
antenna	140	0.0551939350693489	heat
antenna	141	0.0554054054054054	heat
antenna	142	0.0192748716828655	heat
antenna	143	0.0604647560884527	heat
antenna	144	0.00290016043440696	heat
antenna	145	0.0657093124456049	heat
antenna	146	0.0651047798445962	heat
antenna	147	0.0812220566318927	heat
antenna	148	0.0836947094535993	heat
antenna	149	0.0812826971517148	heat
antenna	150	0.0821917808219178	heat
antenna	151	-0.067024128686327	heat
antenna	152	-0.0558510638297874	heat
antenna	153	-0.0370164208182578	heat
antenna	154	-0.00912646675358536	heat
antenna	155	-0.0235343559571338	heat
antenna	156	-0.00104493207941482	heat
antenna	157	0.00417014178482078	heat
antenna	158	0.00727272727272728	heat
antenna	159	0.0147194044084379	heat
antenna	160	-0.00128302884991318	heat
antenna	161	0.0180684362008314	heat
antenna	162	0.0187781672508764	heat
antenna	163	0.0209530666344409	heat
antenna	164	0.0128783904062005	heat
antenna	165	0.0256104824300178	heat
antenna	166	0.00614652097142388	heat
antenna	167	-3.06184935701198e-4	heat
antenna	168	0.0316259216142802	heat
antenna	169	0.0366741806831975	heat
antenna	170	0.0394581886754228	heat
antenna	171	0.0400357316875102	heat
antenna	172	0.0450838396169554	heat
antenna	173	0.0451394359539939	heat
antenna	174	0.0457113401406622	heat
antenna	175	0.0492883219510616	heat
antenna	176	0.0478003384094755	heat
antenna	177	0.0146391284611893	heat
antenna	178	0.0534509550944661	heat
antenna	179	0.040653115628124	heat
antenna	180	0.0819565620939298	heat
antenna	181	0.0712622650923001	heat
antenna	182	0.0858854860186418	heat
antenna	183	-0.0734248221977361	heat
antenna	184	-0.0225563909774436	heat
antenna	185	-0.0174077181208053	heat
antenna	186	-0.0255260434632633	heat
antenna	187	-0.0189567320148544	heat
antenna	188	0.00292858751971164	heat
antenna	189	0.00443624763233981	heat
antenna	190	0.00597014925373135	heat
antenna	191	-0.0100871943922038	heat
antenna	192	0.00812407680945345	heat
antenna	193	0.0039869147413617	heat
antenna	194	0.0114246281245208	heat
antenna	195	0.0150057513332637	heat
antenna	196	0.0176881478143308	heat
antenna	197	0.0197740112994351	heat
antenna	198	0.0113029979625498	heat
antenna	199	0.0175011590171535	heat
antenna	200	-0.0063442765253269	heat
antenna	201	0.0264050661540202	heat
antenna	202	0.0141821816818693	heat
antenna	203	0.0451282655445864	heat
antenna	204	0.0225720632755833	heat
antenna	205	0.0505074635786486	heat
antenna	206	0.0550601872492197	heat
antenna	207	0.0278590401163244	heat
antenna	208	0.0623389613842979	heat
antenna	209	0.0567490770948273	heat
antenna	210	-0.00196668209162422	heat
antenna	211	0.0651005750472368	heat
antenna	212	0.091254752851711	heat
antenna	213	0.109260763606824	heat
antenna	214	0.0528606077899843	heat
antenna	215	0.106337599024985	heat
antenna	216	0.12723373838456	heat
legs	1	0.104711678578863	heat
legs	2	0.143863895144585	heat
legs	3	0.14241934110836801	heat
legs	4	0.188454222242671	heat
legs	5	0.17181437218687	heat
legs	6	0.19669565087132	heat
legs	7	0.21948480682449	heat
legs	8	0.204466154919749	heat
legs	9	0.18621378366166	heat
legs	10	0.256579308195418	heat
legs	11	0.232631723758426	heat
legs	12	0.287924473270149	heat
legs	13	0.31485973328179	heat
legs	14	0.345261730286806	heat
legs	15	0.36314158921544	heat
legs	16	0.414533582614317	heat
legs	17	0.365715616998843	heat
legs	18	0.716014418125644	heat
legs	19	0.0116760853596436	heat
legs	20	0.0707456249455695	heat
legs	21	0.0835643564356437	heat
legs	22	0.155012309205569	heat
legs	23	0.155506277659092	heat
legs	24	0.124545454545455	heat
legs	25	0.191915391747874	heat
legs	26	0.209799574232086	heat
legs	27	0.193393362585061	heat
legs	28	0.258721375116739	heat
legs	29	0.274332786324951	heat
legs	30	0.275752923339024	heat
legs	31	0.325630575114712	heat
legs	32	0.364331666645726	heat
legs	33	0.429680881107032	heat
legs	34	0.377618804292284	heat
legs	35	0.340314136125654	heat
legs	36	0.600640593391774	heat
legs	37	0.554754048039291	heat
legs	38	0.913794179415559	heat
legs	39	5.73478033705205e-5	heat
legs	40	-0.00119306938307454	heat
legs	41	0.0378473246971086	heat
legs	42	0.0644520227612194	heat
legs	43	0.0844706054587249	heat
legs	44	0.0962376237623762	heat
legs	45	0.101337607119481	heat
legs	46	0.0612533035001358	heat
legs	47	0.151250383826114	heat
legs	48	0.177186334657555	heat
legs	49	0.148224882872982	heat
legs	50	0.219320542605409	heat
legs	51	0.258295181671354	heat
legs	52	0.26161912973094	heat
legs	53	0.184567467095348	heat
legs	54	0.3831123517097	heat
legs	55	0.461578434222444	heat
legs	56	0.486019908411249	heat
legs	57	0.511899848672445	heat
legs	58	1.43596913096969	heat
legs	59	0.0139339056367325	heat
legs	60	0.0529679612965596	heat
legs	61	0.0611935266351991	heat
legs	62	0.11017289051939	heat
legs	63	0.11095862210938	heat
legs	64	0.14481918472577	heat
legs	65	0.105249937201708	heat
legs	66	0.185780688925845	heat
legs	67	0.197732752685506	heat
legs	68	0.263609205114215	heat
legs	69	0.309868282813337	heat
legs	70	0.313579904239817	heat
legs	71	0.322703566446939	heat
legs	72	0.325210836610876	heat
legs	73	0.376999507564013	heat
legs	74	0.407386299588032	heat
legs	75	0.415146489773355	heat
legs	76	0.452374704801889	heat
legs	77	0.53076171875	heat
legs	78	0.738162842452613	heat
legs	79	0.635003739715782	heat
legs	80	0.918208053073816	heat
legs	81	1.04223948993823	heat
legs	82	1.4561011072587	heat
legs	83	-4.2591169911429e-4	heat
legs	84	0.0291247560426362	heat
legs	85	0.0350098260426523	heat
legs	86	0.074989222715287	heat
legs	87	0.0763766599189777	heat
legs	88	0.0786457291503996	heat
legs	89	0.113061571762935	heat
legs	90	0.114613105825126	heat
legs	91	0.187775205164873	heat
legs	92	0.1995779023568	heat
legs	93	0.231597905364915	heat
legs	94	0.275614978097102	heat
legs	95	0.295033075867127	heat
legs	96	0.173752331146133	heat
legs	97	0.290909090909091	heat
legs	98	0.296122621964584	heat
legs	99	0.342180263626648	heat
legs	100	0.304272539749702	heat
legs	101	0.426599179591874	heat
legs	102	0.476021157701807	heat
legs	103	0.640088710142903	heat
legs	104	0.689381458738954	heat
legs	105	0.940722335610968	heat
legs	106	1.05697044990682	heat
legs	107	1.02127659574468	heat
legs	108	1.84704904405653	heat
legs	109	-0.0398707518319775	heat
legs	110	0.0908273341720822	heat
legs	111	0.121547499547711	heat
legs	112	0.119543729653238	heat
legs	113	0.178163209039733	heat
legs	114	0.191396150747726	heat
legs	115	0.26883239821557	heat
legs	116	0.255575964313828	heat
legs	117	0.274682138519795	heat
legs	118	0.319881477902409	heat
legs	119	0.34508998252312	heat
legs	120	0.203457446808511	heat
legs	121	0.322121908370452	heat
legs	122	0.395928395749036	heat
legs	123	0.405550581915846	heat
legs	124	0.276070486081553	heat
legs	125	0.476570545829042	heat
legs	126	0.572505045795427	heat
legs	127	0.52258264783486	heat
legs	128	0.632965813566244	heat
legs	129	0.584868203374876	heat
legs	130	0.548288196218702	heat
legs	131	0.644132551950479	heat
legs	132	0.6162109375	heat
legs	133	0.984605031558255	heat
legs	134	0.644555002763958	heat
legs	135	1.16220084588779	heat
legs	136	7.10096330908842e-5	heat
legs	137	0.00340430442559576	heat
legs	138	-0.00531772458264128	heat
legs	139	0.0222350102625633	heat
legs	140	0.0341670182009281	heat
legs	141	0.0462331340498872	heat
legs	142	0.0524783463134144	heat
legs	143	0.0674072962017714	heat
legs	144	0.121251629726206	heat
legs	145	0.125314626550528	heat
legs	146	0.128189118732714	heat
legs	147	0.138247450659054	heat
legs	148	0.125375041418883	heat
legs	149	0.130294424546764	heat
legs	150	0.148059446533679	heat
legs	151	0.202360635991344	heat
legs	152	0.187047140159211	heat
legs	153	0.222013896547921	heat
legs	154	0.216920806689621	heat
legs	155	0.32708055052643	heat
legs	156	0.33295030163746	heat
legs	157	0.36177413608835	heat
legs	158	0.401991767575503	heat
legs	159	0.317957166392092	heat
legs	160	0.4628057422696	heat
legs	161	0.250502174716579	heat
legs	162	0.575996064928677	heat
legs	163	0.728822589238146	heat
legs	164	0.716244609089904	heat
legs	165	1.0412432755529	heat
legs	166	0.03148157774903	heat
legs	167	0.0727571279829712	heat
legs	168	0.097925466847334	heat
legs	169	0.0901148008190596	heat
legs	170	0.116212819404489	heat
legs	171	0.167089565553916	heat
legs	172	0.169314347910653	heat
legs	173	0.203572298921577	heat
legs	174	0.241514110481898	heat
legs	175	0.270634323239469	heat
legs	176	0.274059178397012	heat
legs	177	0.276427748398056	heat
legs	178	0.256700037883836	heat
legs	179	0.280228155639327	heat
legs	180	0.287702881253652	heat
legs	181	0.274365544955628	heat
legs	182	0.332336776669632	heat
legs	183	0.293379021098524	heat
legs	184	0.38021942895037	heat
legs	185	0.415154228361327	heat
legs	186	0.402425331237368	heat
legs	187	0.450155323354984	heat
legs	188	0.478872891362283	heat
legs	189	0.481474770526848	heat
legs	190	0.499733617474693	heat
legs	191	0.52960736667093	heat
legs	192	0.508442901236431	heat
legs	193	0.555899590843747	heat
legs	194	0.363690735194722	heat
legs	195	0.510097458052848	heat
legs	196	0.57871098136088	heat
legs	197	1.16530411122826	heat
legs	198	1.96550290939318	heat
palp	1	0.00129228558816969	heat
palp	2	0.00186138494513752	heat
palp	3	0.0127685567535278	heat
palp	4	0.00345742417277297	heat
palp	5	-0.00653785642108181	heat
palp	6	0.00763202591574258	heat
palp	7	0.014136891446271	heat
palp	8	0.0156327508465603	heat
palp	9	-0.00363416020187736	heat
palp	10	8.40265438502477e-4	heat
palp	11	0.0194905980869073	heat
palp	12	0.00443082476388343	heat
palp	13	0.0281444589027437	heat
palp	14	-0.00218719120473006	heat
palp	15	0.018185247382065	heat
palp	16	0.0187698680120383	heat
palp	17	0.0515308367354623	heat
palp	18	0.0598774410894826	heat
palp	19	0.0645172915402852	heat
palp	20	0.0699542750129449	heat
palp	21	0.00258245293662827	heat
palp	22	0.00397165342229975	heat
palp	23	0.0112633819158513	heat
palp	24	0.00604354959821768	heat
palp	25	0.0113640841437196	heat
palp	26	0.00211501164367585	heat
palp	27	0.0103390787646401	heat
palp	28	0.005350088774646	heat
palp	29	0.0206689242793194	heat
palp	30	0.0209862453967894	heat
palp	31	-9.38507900090101e-5	heat
palp	32	-0.00118298233354986	heat
palp	33	0.00523687882207292	heat
palp	34	0.0153247106715388	heat
palp	35	0.0436394298314782	heat
palp	36	0.0106182090260806	heat
palp	37	0.051456097671054	heat
palp	38	0.0526538764903411	heat
palp	39	0.059827807439626	heat
palp	40	0.0603373329442767	heat
palp	41	0.0934583838059419	heat
palp	42	0.00766411643139423	heat
palp	43	0.00958206507160805	heat
palp	44	0.00283967737316074	heat
palp	45	0.00603541608509185	heat
palp	46	0.0127598054109054	heat
palp	47	1.63340966410485e-4	heat
palp	48	7.57071073369309e-6	heat
palp	49	0.0141495907574639	heat
palp	50	0.00130552488010788	heat
palp	51	0.00717760577121607	heat
palp	52	0.0176910877838031	heat
palp	53	0.00185575050968413	heat
palp	54	0.00967189272989426	heat
palp	55	0.0267262247285128	heat
palp	56	0.0313273102016685	heat
palp	57	0.011980367623391	heat
palp	58	-0.00464982730464633	heat
palp	59	0.0166961621415845	heat
palp	60	0.038992486614199	heat
palp	61	0.014374289702988	heat
palp	62	0.051129129515691	heat
palp	63	0.0820267460410389	heat
palp	64	8.02703399830336e-5	heat
palp	65	5.65745595020772e-5	heat
palp	66	0.00947912062675286	heat
palp	67	0.00673499381985943	heat
palp	68	2.01065204548824e-5	heat
palp	69	-6.24175950493068e-4	heat
palp	70	-0.00338727635687025	heat
palp	71	0.0046050457150854	heat
palp	72	0.00783413921584169	heat
palp	73	0.00431427715610925	heat
palp	74	-0.00197509274464939	heat
palp	75	1.85835943503911e-4	heat
palp	76	0.0115149306996305	heat
palp	77	0.0116483711708495	heat
palp	78	0.0254839655686433	heat
palp	79	0.0141585851581366	heat
palp	80	0.00423797707312486	heat
palp	81	0.00167279621069514	heat
palp	82	0.0317252819868235	heat
palp	83	-1.98882860965687e-4	heat
palp	84	0.0100806605763846	heat
palp	85	0.0170950660419278	heat
palp	86	0.0441575362024522	heat
palp	87	0.0725041035805457	heat
palp	88	0.00848106614155734	heat
palp	89	0.00342542010139495	heat
palp	90	0.011452718835509	heat
palp	91	0.00920958829336817	heat
palp	92	0.0130396620773981	heat
palp	93	0.00318911507729128	heat
palp	94	0.0133764794825845	heat
palp	95	0.0135403282083407	heat
palp	96	0.00999355130508968	heat
palp	97	-0.00230583127272877	heat
palp	98	0.0150462205847577	heat
palp	99	0.00205662523466366	heat
palp	100	0.00571058891284257	heat
palp	101	0.0180458477769919	heat
palp	102	0.0264399803859014	heat
palp	103	0.0161246127488516	heat
palp	104	0.0314895906419922	heat
palp	105	0.012694635350478	heat
palp	106	0.0353111441736693	heat
palp	107	0.0441015624121823	heat
palp	108	0.047166058036703	heat
palp	109	0.0571938822151709	heat
palp	110	0.064089335271627	heat
palp	111	0.0663510147358259	heat
palp	112	0.0759974124876213	heat
palp	113	0.0770345238096464	heat
palp	114	0.00363551945244004	heat
palp	115	-0.00479749038844463	heat
palp	116	0.00183114583564541	heat
palp	117	0.00278567621790346	heat
palp	118	0.0092664635515304	heat
palp	119	-6.70812620804213e-4	heat
palp	120	-0.00441131485821085	heat
palp	121	0.00864713224439439	heat
palp	122	0.00661387001627665	heat
palp	123	0.00754853465709976	heat
palp	124	0.0103120257862773	heat
palp	125	0.00344047879966693	heat
palp	126	-4.05264123874633e-4	heat
palp	127	0.0165847340836899	heat
palp	128	0.0174295623897105	heat
palp	129	0.0174628134112266	heat
palp	130	0.0190720289661418	heat
palp	131	0.0125387755076809	heat
palp	132	0.0246734137662669	heat
palp	133	0.00111870360265002	heat
palp	134	0.00144770332277072	heat
palp	135	0.0136871423264734	heat
palp	136	0.0330372927999436	heat
palp	137	0.00131638853611916	heat
palp	138	-0.0049347817667296	heat
palp	139	0.0146730958850631	heat
palp	140	0.0134085896808249	heat
palp	141	0.0175272875661243	heat
palp	142	0.0142061723608526	heat
palp	143	0.0503653392175224	heat
palp	144	0.0523586219340099	heat
palp	145	0.00299535686994586	heat
palp	146	0.00562425139239254	heat
palp	147	0.00866949343233284	heat
palp	148	0.0069513889979814	heat
palp	149	0.0091283139365323	heat
palp	150	7.75610867731284e-4	heat
palp	151	0.00868794727002857	heat
palp	152	0.011117129629494	heat
palp	153	0.00659892720479062	heat
palp	154	0.00146108423605366	heat
palp	155	-0.00469279723689654	heat
palp	156	-0.00529024247569398	heat
palp	157	0.0133827603500389	heat
palp	158	-9.26841377013862e-4	heat
palp	159	-1.8296994694797e-5	heat
palp	160	0.0268849189615908	heat
palp	161	-0.00272919599679055	heat
palp	162	0.0318984819606136	heat
palp	163	0.0119746116091002	heat
palp	164	-0.00264935199732085	heat
palp	165	0.0387937566680874	heat
palp	166	0.0397976845811487	heat
palp	167	0.013978384815683	heat
palp	168	0.0457429704998338	heat
palp	169	0.0459638125237904	heat
palp	170	0.0511850985220123	heat
palp	171	0.0620471157331612	heat
palp	172	0.0629047821662944	heat
palp	173	0.0635071498130867	heat
palp	174	0.0699645113439945	heat
palp	175	0.0732287105083836	heat
palp	176	0.0856162128035133	heat
palp	177	0.08583047730263	heat
palp	178	0.0927708066091666	heat
palp	179	0.00307589031663598	heat
palp	180	0.00568425171190833	heat
palp	181	-0.00388164926930641	heat
palp	182	-4.32672943058283e-4	heat
palp	183	0.00277892149585789	heat
palp	184	2.88343055953282e-4	heat
palp	185	0.00533930415764909	heat
palp	186	0.0116855470520944	heat
palp	187	1.25737762162281e-4	heat
palp	188	0.012043198519186	heat
palp	189	5.94663375844573e-4	heat
palp	190	0.00393131632952811	heat
palp	191	0.00383949938576175	heat
palp	192	0.00972732093701132	heat
palp	193	0.0129277801802799	heat
palp	194	0.0132369767558607	heat
palp	195	0.00822991056016624	heat
palp	196	2.35478647661021e-4	heat
palp	197	0.0123022720971147	heat
palp	198	-6.04040648455776e-4	heat
palp	199	0.02348635895453	heat
palp	200	0.00730805380024227	heat
palp	201	0.0292055795100853	heat
palp	202	0.0295917594651632	heat
palp	203	0.0303626583365187	heat
palp	204	0.0345474328244855	heat
palp	205	0.00461169524846904	heat
palp	206	4.97626989789261e-4	heat
palp	207	0.00168100806111713	heat
palp	208	0.0171567861380309	heat
palp	209	0.044806965886818	heat
palp	210	0.0200636736211279	heat
palp	211	0.0116778914483543	heat
palp	212	0.0499776944276525	heat
palp	213	0.0504998649751882	heat
palp	214	0.0522223696807415	heat
palp	215	0.0640579199006235	heat
palp	216	0.0669418340131926	heat
palp	217	0.0750278573590001	heat
palp	218	0.0914296933039053	heat
prob	1	0.0259715415710508	heat
prob	2	0.00559703871247927	heat
prob	3	0.0411657653194659	heat
prob	4	0.0653850101645098	heat
prob	5	0.0192930253868485	heat
prob	6	0.0804966486081981	heat
prob	7	0.0791663990118455	heat
prob	8	0.10157490388828	heat
prob	9	0.110153300049927	heat
prob	10	0.103988332471066	heat
prob	11	0.113916684897489	heat
prob	12	0.128268778593748	heat
prob	13	0.123346990407705	heat
prob	14	0.0922651856395304	heat
prob	15	0.14343006032209	heat
prob	16	0.202619625999206	heat
prob	17	-0.00134578516795759	heat
prob	18	0.0217172300235306	heat
prob	19	0.0320233998464369	heat
prob	20	0.0110212627923241	heat
prob	21	0.0486881309661915	heat
prob	22	0.0560475894080228	heat
prob	23	0.0835566122506021	heat
prob	24	0.0897156695442913	heat
prob	25	0.0765165356563918	heat
prob	26	0.0803602570013439	heat
prob	27	0.0888109900723941	heat
prob	28	0.098650066379451	heat
prob	29	0.115433968633356	heat
prob	30	0.128533506192111	heat
prob	31	0.149938934411496	heat
prob	32	0.154536641553768	heat
prob	33	0.144504223519086	heat
prob	34	0.202574734928005	heat
prob	35	0.0238264795725139	heat
prob	36	0.00903264922488856	heat
prob	37	0.0395670620506271	heat
prob	38	0.0608189658554173	heat
prob	39	0.0621983759043579	heat
prob	40	0.0627342396461915	heat
prob	41	0.0630018375841201	heat
prob	42	0.0570210188038522	heat
prob	43	0.0675212321642976	heat
prob	44	0.0271024060484022	heat
prob	45	0.0300674440497154	heat
prob	46	0.093152540893402	heat
prob	47	0.0962284361069895	heat
prob	48	0.108383435296403	heat
prob	49	0.0969165182972634	heat
prob	50	0.149133974424709	heat
prob	51	0.151615524619828	heat
prob	52	0.188474277728384	heat
prob	53	0.253018023536522	heat
prob	54	0.00592309804371646	heat
prob	55	0.0119649013811841	heat
prob	56	0.039681363935338	heat
prob	57	0.0278449349270405	heat
prob	58	0.0513291154715384	heat
prob	59	0.0653612249680091	heat
prob	60	0.0732840821973148	heat
prob	61	0.0787582169912675	heat
prob	62	0.0985455784588408	heat
prob	63	0.0832643498593465	heat
prob	64	0.121295144203921	heat
prob	65	0.114242976791268	heat
prob	66	0.114256836721528	heat
prob	67	0.115789664527474	heat
prob	68	0.135204066205284	heat
prob	69	0.139146389630146	heat
prob	70	0.168127377315595	heat
prob	71	0.212550593397256	heat
prob	72	0.296354385174972	heat
prob	73	0.323651948253772	heat
prob	74	0.00557771617898294	heat
prob	75	0.0110421343527087	heat
prob	76	0.0173476096605262	heat
prob	77	0.052025295471982	heat
prob	78	0.0594003036981053	heat
prob	79	0.0631424276439633	heat
prob	80	0.0414212915459286	heat
prob	81	0.0486830732770839	heat
prob	82	0.0862416188287292	heat
prob	83	0.0964359682648881	heat
prob	84	0.0974464172280263	heat
prob	85	0.0726598171239959	heat
prob	86	0.106566916903124	heat
prob	87	0.108047728893817	heat
prob	88	0.122062644520421	heat
prob	89	0.166411750522997	heat
prob	90	0.183275425073073	heat
prob	91	0.200775399185109	heat
prob	92	0.268702640107445	heat
prob	93	0.295601468127442	heat
prob	94	0.346302468795974	heat
prob	95	0.00486230710770154	heat
prob	96	0.00457004143303112	heat
prob	97	0.0469990362529047	heat
prob	98	0.0222778870695073	heat
prob	99	0.0677630945547151	heat
prob	100	0.0778189152214645	heat
prob	101	0.0403875157157162	heat
prob	102	0.0657856905752283	heat
prob	103	0.0799339662783069	heat
prob	104	0.0529973306497394	heat
prob	105	0.0811157318850452	heat
prob	106	0.0958462796511442	heat
prob	107	0.0919263688041751	heat
prob	108	0.109354829340281	heat
prob	109	0.123819144177622	heat
prob	110	0.0848214212466344	heat
prob	111	0.141328761982642	heat
prob	112	0.143408935949149	heat
prob	113	0.126248373571885	heat
prob	114	0.154694943771413	heat
prob	115	0.176627398333256	heat
prob	116	0.177802095500313	heat
prob	117	0.0237380013527845	heat
prob	118	0.0213062054603218	heat
prob	119	0.00833051545023731	heat
prob	120	0.0404829289768958	heat
prob	121	-0.00336120183728898	heat
prob	122	0.0189299882324629	heat
prob	123	0.0383914004405907	heat
prob	124	0.0845575566454865	heat
prob	125	0.0804453071999696	heat
prob	126	0.0953024341523056	heat
prob	127	0.0763829968041512	heat
prob	128	0.0770511579905806	heat
prob	129	0.0965937182035739	heat
prob	130	0.134310707195688	heat
prob	131	0.135437036629009	heat
prob	132	0.142450535427544	heat
prob	133	0.15360167392607	heat
prob	134	0.148969483321318	heat
prob	135	0.182580751077265	heat
prob	136	0.196624544212307	heat
prob	137	0.223021919965897	heat
prob	138	0.287193176480746	heat
prob	139	0.304618401857264	heat
prob	140	-0.00247801125996759	heat
prob	141	0.0351225978508804	heat
prob	142	0.0167728144271217	heat
prob	143	0.0479671712661549	heat
prob	144	0.0359207715142867	heat
prob	145	0.00620903193036681	heat
prob	146	0.0777506777640315	heat
prob	147	0.0821632577783896	heat
prob	148	0.0889553471096304	heat
prob	149	0.105181332535685	heat
prob	150	0.106811597740201	heat
prob	151	0.120613249434351	heat
prob	152	0.12199784728449	heat
prob	153	0.138001188886575	heat
prob	154	0.131733760921734	heat
prob	155	0.139483843448736	heat
prob	156	0.156076284927096	heat
prob	157	0.155003473700952	heat
prob	158	0.164398461778949	heat
prob	159	0.181586899434533	heat
prob	160	0.208422547650543	heat
prob	161	0.205760642994054	heat
prob	162	0.216946557896818	heat
prob	163	0.21811474505687	heat
prob	164	0.225967261102852	heat
prob	165	0.00939338337031958	heat
prob	166	0.0138071598412615	heat
prob	167	0.0075630265246454	heat
prob	168	0.0143447347318673	heat
prob	169	-0.0119378421276496	heat
prob	170	0.0482065094318992	heat
prob	171	0.0444824461720683	heat
prob	172	0.0694122530487659	heat
prob	173	0.0245715666203227	heat
prob	174	0.0392771799644451	heat
prob	175	0.0634969799143767	heat
prob	176	0.0773210158831924	heat
prob	177	0.0796836495774156	heat
prob	178	0.0595308559744935	heat
prob	179	0.077805736233676	heat
prob	180	0.106502249720948	heat
prob	181	0.107900216183247	heat
prob	182	0.0702473280215692	heat
prob	183	0.0847090834562746	heat
prob	184	0.121055387010583	heat
prob	185	0.111320290720475	heat
prob	186	0.136128736091371	heat
prob	187	0.114849791379979	heat
prob	188	0.147507654447261	heat
prob	189	0.148164853546973	heat
prob	190	0.167327223461195	heat
prob	191	0.215031211410736	heat
prob	192	0.330704999346195	heat
antenna	1	0.798630145677581	kcl
antenna	2	0.544518589132507	kcl
antenna	3	1.23476419915316	kcl
antenna	4	1.02029109503044	kcl
antenna	5	0.674890774814339	kcl
antenna	6	0.653470578661519	kcl
antenna	7	0.47156403509987	kcl
antenna	8	1.26531460798408	kcl
antenna	9	1.68569586425112	kcl
antenna	10	0.510794716893757	kcl
antenna	11	0.531293772945496	kcl
antenna	12	0.559233905153713	kcl
antenna	13	1.65702357299736	kcl
antenna	14	0.63070741722164	kcl
antenna	15	0.614415896353446	kcl
antenna	16	0.92174877098501	kcl
antenna	17	0.428229866414291	kcl
antenna	18	0.489999429678119	kcl
antenna	19	0.603932532797247	kcl
antenna	20	0.934526347377077	kcl
antenna	21	0.629400742111072	kcl
antenna	22	0.476700971564179	kcl
antenna	23	0.574275322397266	kcl
antenna	24	0.559011272636192	kcl
antenna	25	0.516181092323499	kcl
antenna	26	1.10090431125131	kcl
antenna	27	0.993106871070917	kcl
antenna	28	1.02626189555467	kcl
antenna	29	1.07116278497673	kcl
antenna	30	0.964993605320373	kcl
antenna	31	0.781782178217822	kcl
antenna	32	0.653422306959009	kcl
antenna	33	0.680790211670282	kcl
antenna	34	1.2915550191186	kcl
antenna	35	0.91309866348855	kcl
antenna	36	1.04585236228579	kcl
antenna	37	0.671236840684547	kcl
antenna	38	1.60967610258231	kcl
antenna	39	0.336951897344404	kcl
antenna	40	0.808759239288723	kcl
antenna	41	0.886340781918072	kcl
antenna	42	0.598113523682472	kcl
antenna	43	0.537731065510099	kcl
antenna	44	0.608093072069195	kcl
antenna	45	0.810957606260556	kcl
antenna	46	0.608093072069195	kcl
antenna	47	1.09174645299113	kcl
antenna	48	0.666274059178397	kcl
antenna	49	0.298316529863089	kcl
antenna	50	1.46381742136985	kcl
antenna	51	0.950752311173944	kcl
antenna	52	0.540163579712654	kcl
antenna	53	0.441908621637358	kcl
antenna	54	0.530033323189887	kcl
antenna	55	1.0655082194642	kcl
antenna	56	0.827867638826931	kcl
antenna	57	0.784935698984023	kcl
antenna	58	0.613519127574866	kcl
antenna	59	1.01682317307179	kcl
antenna	60	1.23871585555241	kcl
antenna	61	0.654309732860078	kcl
antenna	62	0.585925908623566	kcl
antenna	63	0.914924080980287	kcl
antenna	64	0.99327510810029	kcl
antenna	65	1.17033849383364	kcl
antenna	66	0.631653836256535	kcl
antenna	67	0.579039618345701	kcl
antenna	68	0.887472562861013	kcl
antenna	69	0.659320700453169	kcl
antenna	70	0.916259896945344	kcl
antenna	71	0.865578036029152	kcl
antenna	72	0.491578256972508	kcl
antenna	73	2.07176995146692	kcl
antenna	74	0.539105851563238	kcl
antenna	75	1.20082389521145	kcl
antenna	76	1.43320817643693	kcl
antenna	77	1.11832027699652	kcl
antenna	78	0.686241204821915	kcl
antenna	79	1.23983968877225	kcl
antenna	80	0.560484130762713	kcl
antenna	81	0.542041962574065	kcl
antenna	82	0.510823010227243	kcl
antenna	83	1.01486029585587	kcl
antenna	84	0.619389895138227	kcl
antenna	85	1.48219175052527	kcl
antenna	86	0.747881402711537	kcl
antenna	87	0.573857230756475	kcl
antenna	88	0.686260654391657	kcl
antenna	89	0.458430766602777	kcl
antenna	90	0.795826692154006	kcl
antenna	91	0.852923309547634	kcl
antenna	92	1.05373818445123	kcl
antenna	93	1.00003329781566	kcl
antenna	94	1.74008690619733	kcl
antenna	95	0.761795303334562	kcl
antenna	96	1.38913688299272	kcl
antenna	97	0.843933213413143	kcl
antenna	98	1.64033789386401	kcl
antenna	99	0.57247901134649	kcl
antenna	100	0.92647209541341	kcl
antenna	101	0.589766183126487	kcl
antenna	102	0.529436335537459	kcl
antenna	103	0.610009470570362	kcl
antenna	104	1.18239294780505	kcl
antenna	105	0.690673612720567	kcl
antenna	106	1.58701743534089	kcl
antenna	107	0.969404296875	kcl
antenna	108	0.487926259304137	kcl
antenna	109	0.529973110692506	kcl
antenna	110	1.38895954164448	kcl
antenna	111	0.651089626312783	kcl
antenna	112	1.29457644612355	kcl
antenna	113	0.936866524814117	kcl
antenna	114	0.577576867975028	kcl
antenna	115	0.570301996699989	kcl
antenna	116	1.95178577956498	kcl
antenna	117	1.06579646663746	kcl
antenna	118	0.917200542458438	kcl
antenna	119	0.639614173120846	kcl
antenna	120	0.739592806243638	kcl
antenna	121	0.744734458373453	kcl
antenna	122	0.801150626852113	kcl
antenna	123	0.942999966288194	kcl
antenna	124	0.64230072527195	kcl
antenna	125	0.691067697702788	kcl
antenna	126	0.851866122270576	kcl
antenna	127	0.266977131902627	kcl
antenna	128	1.24311482249155	kcl
antenna	129	0.492166278262621	kcl
antenna	130	0.773964356435644	kcl
antenna	131	0.634120355146334	kcl
antenna	132	0.575451576985871	kcl
antenna	133	1.19663512092534	kcl
antenna	134	0.650993670658429	kcl
antenna	135	0.478748234961875	kcl
antenna	136	2.21939167994663	kcl
antenna	137	0.796156614948292	kcl
antenna	138	1.22176668126734	kcl
antenna	139	1.26018150516478	kcl
antenna	140	1.26062252239025	kcl
antenna	141	1.10871263417933	kcl
antenna	142	1.65934603501545	kcl
antenna	143	0.924127771912791	kcl
antenna	144	2.0985467325228	kcl
antenna	145	1.67827074493519	kcl
antenna	146	0.717819390583802	kcl
antenna	147	0.687074927536093	kcl
antenna	148	0.733904355654885	kcl
antenna	149	1.646070403181	kcl
antenna	150	0.995655670705421	kcl
antenna	151	0.769406238084776	kcl
antenna	152	1.30488136308054	kcl
antenna	153	0.885468235541082	kcl
antenna	154	1.05958715019174	kcl
antenna	155	1.23380305412082	kcl
antenna	156	1.49403679100664	kcl
antenna	157	1.30975072159538	kcl
antenna	158	1.12833255146918	kcl
antenna	159	0.823243188072769	kcl
antenna	160	1.79502277509732	kcl
antenna	161	1.41123279413242	kcl
antenna	162	0.49456906483127	kcl
antenna	163	0.537414551544081	kcl
antenna	164	0.917810026385224	kcl
antenna	165	0.604510252180854	kcl
antenna	166	1.53796058750254	kcl
antenna	167	0.464182967177266	kcl
antenna	168	1.03952011717976	kcl
antenna	169	1.48726273818811	kcl
antenna	170	1.25300902105827	kcl
antenna	171	1.41450593852539	kcl
antenna	172	0.496866572753369	kcl
antenna	173	0.489731223310726	kcl
antenna	174	0.65489828957488	kcl
antenna	175	0.822156753752084	kcl
antenna	176	0.648236110082091	kcl
antenna	177	0.542138613861386	kcl
antenna	178	0.483899554621326	kcl
antenna	179	1.1173881022767	kcl
antenna	180	1.03713080401456	kcl
antenna	181	0.513778593617622	kcl
antenna	182	0.75724512916302	kcl
antenna	183	1.0530389064143	kcl
antenna	184	1.29975178858227	kcl
antenna	185	0.475672007722364	kcl
antenna	186	0.556897506925207	kcl
antenna	187	1.12841143802198	kcl
antenna	188	0.622971980208063	kcl
antenna	189	1.58521035588238	kcl
antenna	190	1.26144125751628	kcl
antenna	191	0.660362727272727	kcl
antenna	192	1.79468851358908	kcl
antenna	193	0.514050452920266	kcl
antenna	194	0.534963099438911	kcl
antenna	195	1.16434833817702	kcl
antenna	196	1.27448746562957	kcl
antenna	197	1.64727286477841	kcl
antenna	198	0.599646653260557	kcl
antenna	199	0.572753484116392	kcl
antenna	200	1.21745002671731	kcl
antenna	201	0.947013211229545	kcl
antenna	202	0.785489524033354	kcl
antenna	203	0.889240066333428	kcl
antenna	204	1.27181788317521	kcl
antenna	205	0.52702525058973	kcl
antenna	206	0.560071174377224	kcl
antenna	207	1.08662674057259	kcl
antenna	208	0.864616356743973	kcl
antenna	209	0.908415910676901	kcl
antenna	210	0.427880835337841	kcl
antenna	211	0.492078192183064	kcl
antenna	212	0.857775222672237	kcl
antenna	213	1.02712546430045	kcl
antenna	214	0.451652494505829	kcl
antenna	215	0.937311978275907	kcl
antenna	216	1.51541976495135	kcl
legs	1	1.68164224758887	kcl
legs	2	1.42687119461469	kcl
legs	3	1.21425187546124	kcl
legs	4	1.26943366067394	kcl
legs	5	1.9919741769456	kcl
legs	6	1.30738912133891	kcl
legs	7	1.62979705386458	kcl
legs	8	0.983011454448588	kcl
legs	9	0.692193975331881	kcl
legs	10	1.1179832859871	kcl
legs	11	1.07221511702264	kcl
legs	12	0.891966745843231	kcl
legs	13	1.19524103718902	kcl
legs	14	1.71241680395387	kcl
legs	15	0.884033698507783	kcl
legs	16	1.26540705964138	kcl
legs	17	1.05704914475375	kcl
legs	18	0.597031712126912	kcl
legs	19	1.59949242640097	kcl
legs	20	0.781992687200732	kcl
legs	21	0.594666993380403	kcl
legs	22	0.454753299977303	kcl
legs	23	1.43264045551357	kcl
legs	24	1.05492206964345	kcl
legs	25	0.714182704138701	kcl
legs	26	1.75933191078653	kcl
legs	27	1.00788221000128	kcl
legs	28	0.955155445696274	kcl
legs	29	0.566982860083285	kcl
legs	30	1.44507150198209	kcl
legs	31	1.05706300990328	kcl
legs	32	1.22159844559586	kcl
legs	33	0.671723030641271	kcl
legs	34	0.739351412708174	kcl
legs	35	0.252163476875888	kcl
legs	36	0.649050784856879	kcl
legs	37	0.610112079920927	kcl
legs	38	0.741225929456625	kcl
legs	39	0.59698958547837	kcl
legs	40	0.528196404487298	kcl
legs	41	1.01333296275709	kcl
legs	42	1.23787053671682	kcl
legs	43	1.19298322621265	kcl
legs	44	0.755788231890003	kcl
legs	45	0.708471416259696	kcl
legs	46	0.726251668255481	kcl
legs	47	1.18458031088083	kcl
legs	48	1.16721586086573	kcl
legs	49	0.692594075260208	kcl
legs	50	0.574650641906489	kcl
legs	51	0.938908486550815	kcl
legs	52	0.710192649601801	kcl
legs	53	0.565024201425867	kcl
legs	54	0.795826692154006	kcl
legs	55	1.01294750445823	kcl
legs	56	1.49483292093722	kcl
legs	57	0.836918210891972	kcl
legs	58	0.858880951033499	kcl
legs	59	0.61978732678678	kcl
legs	60	1.11493663548701	kcl
legs	61	0.554010167513499	kcl
legs	62	1.45152131065882	kcl
legs	63	0.84465	kcl
legs	64	0.804367830097642	kcl
legs	65	1.14341972129831	kcl
legs	66	0.751535096308333	kcl
legs	67	1.00629283659929	kcl
legs	68	0.464515853224083	kcl
legs	69	0.692613	kcl
legs	70	1.05024281831656	kcl
legs	71	0.589977286832633	kcl
legs	72	1.47205124879359	kcl
legs	73	1.01811900639318	kcl
legs	74	1.30268089412007	kcl
legs	75	0.758997636319303	kcl
legs	76	0.745446846751242	kcl
legs	77	0.700049144158659	kcl
legs	78	0.554226537838938	kcl
legs	79	0.653738437230681	kcl
legs	80	0.854866528105669	kcl
legs	81	0.81075731649412	kcl
legs	82	0.92434976494917	kcl
legs	83	0.653818654923939	kcl
legs	84	0.653818654923939	kcl
legs	85	0.814911430726024	kcl
legs	86	1.22285960488849	kcl
legs	87	1.06537534654467	kcl
legs	88	0.804669210955717	kcl
legs	89	0.601746362349217	kcl
legs	90	1.64056327379432	kcl
legs	91	0.893627762218236	kcl
legs	92	0.579354099765533	kcl
legs	93	1.45921470913293	kcl
legs	94	0.535601851196932	kcl
legs	95	1.57718382258198	kcl
legs	96	0.880805726389016	kcl
legs	97	0.670080288067425	kcl
legs	98	0.940902172714239	kcl
legs	99	1.83312086254326	kcl
legs	100	1.18732277346085	kcl
legs	101	1.17357847865403	kcl
legs	102	0.799127058997056	kcl
legs	103	0.926394975575715	kcl
legs	104	1.0268747420553	kcl
legs	105	0.778421656467639	kcl
legs	106	0.668851327067925	kcl
legs	107	0.778043766580931	kcl
legs	108	0.444666962060181	kcl
legs	109	0.578005956090313	kcl
legs	110	1.46129675326742	kcl
legs	111	1.28804182203349	kcl
legs	112	0.859166276332308	kcl
legs	113	2.30407885359059	kcl
legs	114	0.644733096085409	kcl
legs	115	0.675898017810974	kcl
legs	116	2.06878184766805	kcl
legs	117	0.58278823256864	kcl
legs	118	1.77847493621703	kcl
legs	119	1.67490932761114	kcl
legs	120	1.68008786045314	kcl
legs	121	1.06258045963532	kcl
legs	122	1.62956138030293	kcl
legs	123	1.24553249116316	kcl
legs	124	1.0290106965921	kcl
legs	125	0.452915306478488	kcl
legs	126	1.34226925668089	kcl
legs	127	0.82235424855914	kcl
legs	128	0.675857485988791	kcl
legs	129	0.75336264024959	kcl
legs	130	0.8663744226827	kcl
legs	131	1.6949431630972	kcl
legs	132	0.709512504834019	kcl
legs	133	0.637569395017793	kcl
legs	134	0.704294234530246	kcl
legs	135	1.42506573077932	kcl
legs	136	0.53073692181644	kcl
legs	137	0.912008936931948	kcl
legs	138	0.705167524752476	kcl
legs	139	1.96522685431505	kcl
legs	140	0.80363372714947	kcl
legs	141	1.11585900462957	kcl
legs	142	2.10064527925532	kcl
legs	143	1.02932651234173	kcl
legs	144	1.15854921417155	kcl
legs	145	0.830727703256861	kcl
legs	146	0.904647926804724	kcl
legs	147	0.328554903355931	kcl
legs	148	0.740827948505138	kcl
legs	149	0.67355009738094	kcl
legs	150	1.2080423310128	kcl
legs	151	1.09152882489223	kcl
legs	152	1.67482627100452	kcl
legs	153	0.541424003256537	kcl
legs	154	0.985279989885809	kcl
legs	155	1.24105869150586	kcl
legs	156	1.25824367212833	kcl
legs	157	0.322821656488026	kcl
legs	158	0.907044884922655	kcl
legs	159	1.06991915721566	kcl
legs	160	1.10004950103245	kcl
legs	161	1.12328073275659	kcl
legs	162	0.974599937992265	kcl
legs	163	0.711548814263459	kcl
legs	164	1.81305570903593	kcl
legs	165	0.764039678646161	kcl
legs	166	0.389642537963059	kcl
legs	167	1.09820466321244	kcl
legs	168	1.11578952333367	kcl
legs	169	0.686718543555351	kcl
legs	170	1.62247852691456	kcl
legs	171	0.619443114684783	kcl
legs	172	1.50048137959649	kcl
legs	173	0.193351467628895	kcl
legs	174	0.776044253087801	kcl
legs	175	0.980183237190363	kcl
legs	176	0.940975907702749	kcl
legs	177	0.62784169269147	kcl
legs	178	0.591605113176273	kcl
legs	179	0.645534145185262	kcl
legs	180	1.42676605136881	kcl
legs	181	0.672956227384882	kcl
legs	182	1.23706653230563	kcl
legs	183	1.03939657575494	kcl
legs	184	1.12515217603094	kcl
legs	185	1.05431818788882	kcl
legs	186	1.0063175945658	kcl
legs	187	1.08770192081586	kcl
legs	188	1.02957421875	kcl
legs	189	0.686260654391657	kcl
legs	190	0.709506	kcl
legs	191	0.795826692154006	kcl
legs	192	0.915268482490272	kcl
legs	193	0.536468479349259	kcl
legs	194	1.73040181027598	kcl
legs	195	0.526646992724992	kcl
legs	196	0.881828704231158	kcl
legs	197	0.971296160721887	kcl
legs	198	0.696023438227744	kcl
palp	1	0.517814857404614	kcl
palp	2	0.642747947275398	kcl
palp	3	0.243412771197544	kcl
palp	4	0.903769975355479	kcl
palp	5	0.569104727793275	kcl
palp	6	0.804903399658674	kcl
palp	7	0.540583569213145	kcl
palp	8	0.878353483680919	kcl
palp	9	0.476633760361718	kcl
palp	10	0.805524213914932	kcl
palp	11	0.635684783019625	kcl
palp	12	0.517242346344424	kcl
palp	13	1.02182958051774	kcl
palp	14	0.406859478054549	kcl
palp	15	0.332009557454672	kcl
palp	16	0.599146777527223	kcl
palp	17	1.65792140376531	kcl
palp	18	1.01737936567446	kcl
palp	19	0.95538003583538	kcl
palp	20	1.01341463567623	kcl
palp	21	0.994788627751261	kcl
palp	22	1.03320851786367	kcl
palp	23	0.5895435805061	kcl
palp	24	0.187770352035263	kcl
palp	25	1.0151328732932	kcl
palp	26	0.775514849569515	kcl
palp	27	1.11832925602019	kcl
palp	28	0.816659694088917	kcl
palp	29	0.910488367230221	kcl
palp	30	1.37452408258004	kcl
palp	31	0.569056176650085	kcl
palp	32	0.838169129634493	kcl
palp	33	1.00985772481864	kcl
palp	34	0.373569801982081	kcl
palp	35	0.562271173692784	kcl
palp	36	0.385406879772862	kcl
palp	37	0.540807024098636	kcl
palp	38	0.651885718308525	kcl
palp	39	0.749443126308443	kcl
palp	40	0.451069485160854	kcl
palp	41	1.10356547831723	kcl
palp	42	0.888904472910913	kcl
palp	43	0.749857641311933	kcl
palp	44	1.35817844840497	kcl
palp	45	0.668902379276115	kcl
palp	46	0.486726321688773	kcl
palp	47	1.32518620042179	kcl
palp	48	0.574556506282863	kcl
palp	49	0.864750416898277	kcl
palp	50	0.781755906967638	kcl
palp	51	0.447691248167545	kcl
palp	52	0.605503306476113	kcl
palp	53	1.02121176527676	kcl
palp	54	1.27928358329042	kcl
palp	55	1.86980513867781	kcl
palp	56	0.485942676378911	kcl
palp	57	0.634690628262827	kcl
palp	58	0.847126752244232	kcl
palp	59	0.842176237370508	kcl
palp	60	0.85928529499142	kcl
palp	61	1.50252991835365	kcl
palp	62	0.464879942456841	kcl
palp	63	0.678919345767953	kcl
palp	64	0.527520374569862	kcl
palp	65	0.880880394246137	kcl
palp	66	0.502318398474738	kcl
palp	67	1.01327109910611	kcl
palp	68	0.431776494375454	kcl
palp	69	0.736959742906615	kcl
palp	70	1.40691651040004	kcl
palp	71	0.438923149758555	kcl
palp	72	0.584048955413534	kcl
palp	73	0.46916908893324	kcl
palp	74	0.732561060711793	kcl
palp	75	1.11128777923784	kcl
palp	76	0.745830335934849	kcl
palp	77	0.728134194700183	kcl
palp	78	0.796102106566927	kcl
palp	79	0.404554831835257	kcl
palp	80	0.855890977828205	kcl
palp	81	0.662145789586457	kcl
palp	82	0.960598418226989	kcl
palp	83	1.19822294548993	kcl
palp	84	0.589037848460587	kcl
palp	85	0.8396564758199	kcl
palp	86	0.332898882987778	kcl
palp	87	1.48728769651876	kcl
palp	88	0.611498396350344	kcl
palp	89	0.450301963098688	kcl
palp	90	0.927785415421398	kcl
palp	91	0.803451709373952	kcl
palp	92	0.8122939453125	kcl
palp	93	0.541448403567379	kcl
palp	94	0.890455181140117	kcl
palp	95	0.779876885307594	kcl
palp	96	0.516246508344107	kcl
palp	97	0.954324551118412	kcl
palp	98	0.576174485026831	kcl
palp	99	0.924412917870409	kcl
palp	100	1.28335118230572	kcl
palp	101	0.85972157564906	kcl
palp	102	1.0795930875113	kcl
palp	103	0.671000604298493	kcl
palp	104	1.11660328203225	kcl
palp	105	0.892923411935363	kcl
palp	106	0.901098439380014	kcl
palp	107	0.611395855730749	kcl
palp	108	0.541545302510624	kcl
palp	109	0.766430146477735	kcl
palp	110	0.649042212321258	kcl
palp	111	1.15807884362681	kcl
palp	112	0.493376177873666	kcl
palp	113	0.573594136363636	kcl
palp	114	1.24323591478212	kcl
palp	115	0.563541117733227	kcl
palp	116	0.856434818572847	kcl
palp	117	0.602714786008841	kcl
palp	118	0.32684595408786	kcl
palp	119	1.59241791044776	kcl
palp	120	1.01676266999985	kcl
palp	121	0.701111155520788	kcl
palp	122	0.768187828306911	kcl
palp	123	0.481758854559156	kcl
palp	124	0.833006459776239	kcl
palp	125	0.852885663629811	kcl
palp	126	1.4934114315139	kcl
palp	127	0.362424747819393	kcl
palp	128	0.655535743441555	kcl
palp	129	0.489922294056188	kcl
palp	130	1.33095560347603	kcl
palp	131	1.07761614845088	kcl
palp	132	1.12221488473609	kcl
palp	133	0.942623250779523	kcl
palp	134	0.665359013755569	kcl
palp	135	1.26728404268821	kcl
palp	136	0.684306469177557	kcl
palp	137	0.472537396121883	kcl
palp	138	0.51076218942649	kcl
palp	139	0.894729269958408	kcl
palp	140	0.76760492040521	kcl
palp	141	0.470632026572053	kcl
palp	142	1.31085470520411	kcl
palp	143	0.857196569920844	kcl
palp	144	0.940763641709946	kcl
palp	145	1.47103781297905	kcl
palp	146	0.552974306718102	kcl
palp	147	0.470668672209138	kcl
palp	148	1.0696820083682	kcl
palp	149	0.672914834331383	kcl
palp	150	0.674221213678348	kcl
palp	151	0.825258206071487	kcl
palp	152	0.517070789192911	kcl
palp	153	1.13039746810007	kcl
palp	154	0.46991965093528	kcl
palp	155	1.42966152463681	kcl
palp	156	1.38733016235438	kcl
palp	157	1.49146105452015	kcl
palp	158	0.486147221741388	kcl
palp	159	1.04030270568741	kcl
palp	160	0.689385781243602	kcl
palp	161	0.553731785124727	kcl
palp	162	1.09776601751072	kcl
palp	163	0.976057315969183	kcl
palp	164	0.399831302172173	kcl
palp	165	0.48807891845952	kcl
palp	166	1.32316495804846	kcl
palp	167	0.816857907806922	kcl
palp	168	1.52131154233307	kcl
palp	169	1.01436846033803	kcl
palp	170	0.877266913927612	kcl
palp	171	0.848624152900282	kcl
palp	172	0.29500558901427	kcl
palp	173	0.631975409013558	kcl
palp	174	1.07020212608943	kcl
palp	175	1.3057826059621	kcl
palp	176	0.519138109207399	kcl
palp	177	1.16441045221789	kcl
palp	178	0.864028034792709	kcl
palp	179	0.846811955442815	kcl
palp	180	0.971877544028215	kcl
palp	181	1.28754730576215	kcl
palp	182	0.885964699007862	kcl
palp	183	1.20972590088703	kcl
palp	184	0.56267615658363	kcl
palp	185	1.25612873134328	kcl
palp	186	0.901098439380014	kcl
palp	187	0.867281235449325	kcl
palp	188	0.886021667890364	kcl
palp	189	1.12979309963508	kcl
palp	190	0.810357462893014	kcl
palp	191	0.951630767023381	kcl
palp	192	0.537897010645871	kcl
palp	193	0.581127762103097	kcl
palp	194	0.75089254376476	kcl
palp	195	1.00060071861666	kcl
palp	196	0.503363621499337	kcl
palp	197	0.768643386999749	kcl
palp	198	0.870828921282699	kcl
palp	199	1.47401647785788	kcl
palp	200	0.286202621353149	kcl
palp	201	0.974758134328825	kcl
palp	202	0.513792575792094	kcl
palp	203	0.384377271107944	kcl
palp	204	1.0153865869544	kcl
palp	205	0.664564041416688	kcl
palp	206	0.897535232034766	kcl
palp	207	0.55451089394572906	kcl
palp	208	1.24032476723587	kcl
palp	209	0.704851570722287	kcl
palp	210	0.634631548342135	kcl
palp	211	0.493157264855687	kcl
palp	212	0.839046407158285	kcl
palp	213	0.650338971076503	kcl
palp	214	0.881072699714851	kcl
palp	215	0.553161851763597	kcl
palp	216	0.578694690773514	kcl
palp	217	1.35152376164075	kcl
palp	218	0.95910621761658	kcl
prob	1	0.555872259294566	kcl
prob	2	1.04676607447795	kcl
prob	3	1.43575642620232	kcl
prob	4	0.505621613966201	kcl
prob	5	0.583074124691515	kcl
prob	6	0.996613650475628	kcl
prob	7	0.742234197303485	kcl
prob	8	0.671400912217292	kcl
prob	9	0.441779818123143	kcl
prob	10	0.571760231475687	kcl
prob	11	0.633147488216501	kcl
prob	12	0.539997019970809	kcl
prob	13	0.461171349666314	kcl
prob	14	1.46164480519947	kcl
prob	15	0.523319641275511	kcl
prob	16	1.12032758976475	kcl
prob	17	0.977605107565598	kcl
prob	18	0.605353174373502	kcl
prob	19	0.86855082057431	kcl
prob	20	0.696378858984057	kcl
prob	21	0.440320438442591	kcl
prob	22	0.905573125053205	kcl
prob	23	1.49699334622145	kcl
prob	24	0.882998661520676	kcl
prob	25	0.547950056846533	kcl
prob	26	0.339670046205726	kcl
prob	27	0.668124820453893	kcl
prob	28	1.58807609525345	kcl
prob	29	1.4301326566558	kcl
prob	30	1.34103125887749	kcl
prob	31	0.773120775320683	kcl
prob	32	1.26227543229284	kcl
prob	33	0.767311717819035	kcl
prob	34	0.517014928906193	kcl
prob	35	0.824143528584218	kcl
prob	36	1.66490894809661	kcl
prob	37	0.602787313501867	kcl
prob	38	1.22001075052748	kcl
prob	39	1.14471688363799	kcl
prob	40	1.22129575362159	kcl
prob	41	0.459631012055033	kcl
prob	42	1.03042892432068	kcl
prob	43	0.310892664966379	kcl
prob	44	0.637578083959024	kcl
prob	45	0.80332797006392	kcl
prob	46	0.880343647630751	kcl
prob	47	0.505103947601527	kcl
prob	48	1.22291662831252	kcl
prob	49	0.531984644595215	kcl
prob	50	0.77173791137043	kcl
prob	51	0.377263371172922	kcl
prob	52	1.20441305733779	kcl
prob	53	0.49496641441496	kcl
prob	54	0.821130730400167	kcl
prob	55	1.8276415517653	kcl
prob	56	0.552014234875445	kcl
prob	57	0.67651139590208	kcl
prob	58	0.877594945105573	kcl
prob	59	0.976748603977991	kcl
prob	60	0.995431730451086	kcl
prob	61	0.768583290702136	kcl
prob	62	0.490949472504351	kcl
prob	63	0.503859649122807	kcl
prob	64	1.42277984021807	kcl
prob	65	1.35201784462369	kcl
prob	66	0.686645955170116	kcl
prob	67	0.71319557835276	kcl
prob	68	1.32551624504575	kcl
prob	69	1.06144738913671	kcl
prob	70	0.625904541667281	kcl
prob	71	0.446853008878659	kcl
prob	72	1.45326565091211	kcl
prob	73	0.608784984347325	kcl
prob	74	0.433084253651585	kcl
prob	75	0.759993254488435	kcl
prob	76	0.948837393906046	kcl
prob	77	0.80326935522716	kcl
prob	78	0.463696181474138	kcl
prob	79	0.862057969955225	kcl
prob	80	0.926007342657529	kcl
prob	81	0.541399624590601	kcl
prob	82	1.19422592624939	kcl
prob	83	0.889299825334222	kcl
prob	84	0.989448419908621	kcl
prob	85	0.609073149428634	kcl
prob	86	1.7063593629699	kcl
prob	87	1.38149774414879	kcl
prob	88	1.20559476439791	kcl
prob	89	0.654354748106703	kcl
prob	90	0.489566092808519	kcl
prob	91	0.654059034760127	kcl
prob	92	1.1193273306629	kcl
prob	93	0.612139687774242	kcl
prob	94	0.883528752134099	kcl
prob	95	0.544095038620222	kcl
prob	96	1.0631652138839	kcl
prob	97	1.19185839575379	kcl
prob	98	0.698370798982235	kcl
prob	99	0.952513368904225	kcl
prob	100	0.662265660381088	kcl
prob	101	1.42087954375467	kcl
prob	102	0.416950314154555	kcl
prob	103	1.39299570979402	kcl
prob	104	1.01238989637306	kcl
prob	105	0.429628449210292	kcl
prob	106	0.266544041743098	kcl
prob	107	0.458688225767968	kcl
prob	108	0.849599779751224	kcl
prob	109	1.54147143183722	kcl
prob	110	0.522627841690157	kcl
prob	111	0.620692814426814	kcl
prob	112	0.627910172734103	kcl
prob	113	0.757159588443526	kcl
prob	114	0.442217637374465	kcl
prob	115	0.714262741954872	kcl
prob	116	0.427679712665802	kcl
prob	117	0.492952592497199	kcl
prob	118	0.401090938347425	kcl
prob	119	0.672167337622409	kcl
prob	120	0.62233193656213	kcl
prob	121	0.707586340909091	kcl
prob	122	0.96327587890625	kcl
prob	123	0.9438032344628	kcl
prob	124	0.828100055586437	kcl
prob	125	1.01966177898727	kcl
prob	126	1.65189505023892	kcl
prob	127	0.453492186476141	kcl
prob	128	0.557502163752813	kcl
prob	129	1.45052912621359	kcl
prob	130	0.675157713300776	kcl
prob	131	0.633030315256526	kcl
prob	132	0.487620241077803	kcl
prob	133	0.873852331606218	kcl
prob	134	1.18239252336449	kcl
prob	135	0.941400984722342	kcl
prob	136	0.879807257579855	kcl
prob	137	0.478634571466961	kcl
prob	138	1.41247400408967	kcl
prob	139	1.42831955250005	kcl
prob	140	0.523767875769402	kcl
prob	141	1.07921370060422	kcl
prob	142	1.11501118141655	kcl
prob	143	0.514110056053715	kcl
prob	144	0.62333435707284	kcl
prob	145	0.452812124810343	kcl
prob	146	1.52374816771466	kcl
prob	147	0.715283707850955	kcl
prob	148	0.661141847681174	kcl
prob	149	0.741944209046998	kcl
prob	150	1.07424485326325	kcl
prob	151	1.34911795063575	kcl
prob	152	0.604828784831945	kcl
prob	153	0.510159164045373	kcl
prob	154	1.48828410033167	kcl
prob	155	0.627217349857007	kcl
prob	156	0.694147947064812	kcl
prob	157	0.582700007401669	kcl
prob	158	0.616762671241581	kcl
prob	159	1.32729336451217	kcl
prob	160	0.551972541669699	kcl
prob	161	1.40073797678275	kcl
prob	162	0.52221619896153	kcl
prob	163	0.556410483835639	kcl
prob	164	0.155599993060857	kcl
prob	165	0.675831483887937	kcl
prob	166	0.659413919058854	kcl
prob	167	0.903235813922572	kcl
prob	168	1.17979061589471	kcl
prob	169	0.502300724478694	kcl
prob	170	0.634744064733956	kcl
prob	171	0.737141660851361	kcl
prob	172	0.920946262744157	kcl
prob	173	0.727225359709251	kcl
prob	174	1.02312302839117	kcl
prob	175	0.532387386666734	kcl
prob	176	0.857411388773135	kcl
prob	177	0.813331743762798	kcl
prob	178	0.607601556719125	kcl
prob	179	0.84042501443545	kcl
prob	180	1.11406729758149	kcl
prob	181	0.532078108046344	kcl
prob	182	0.931877898551366	kcl
prob	183	0.78065848731795	kcl
prob	184	0.638716039603961	kcl
prob	185	0.658388428266888	kcl
prob	186	1.40369957367795	kcl
prob	187	0.828356931856718	kcl
prob	188	1.16894240558629	kcl
prob	189	0.997777430621682	kcl
prob	190	0.587655840398476	kcl
prob	191	0.521825030120505	kcl
prob	192	0.923521266531689	kcl
