genotype	batch	sampleID	tissue	sampleType	cell	peakresp	auc
wt	1	wt1	fl	fll	1	0.3383607246107559	17.94219662899755
wt	1	wt1	fl	fll	2	0.5175373211622162	27.373191803130766
wt	1	wt1	fl	fll	3	0.38810017080815334	24.85889878369752
wt	1	wt1	fl	fll	4	0.4031690162191087	21.3379218846711
wt	1	wt1	fl	fll	5	1.4748040406849074	66.1111741312191
wt	1	wt1	fl	fll	6	1.4648486664227254	82.45115581393023
wt	1	wt1	fl	fll	7	0.413728860493321	18.976263646407446
wt	1	wt1	fl	fll	8	0.3860524678501457	22.18123141980677
wt	1	wt1	fl	fll	9	0.5940124581074526	34.704195210559476
wt	1	wt1	fl	fll	10	0.8954459982235823	50.54136217351188
wt	1	wt1	fl	fll	11	0.24255676299117335	15.127619318061697
wt	1	wt1	fl	fll	12	0.28583509071672875	19.176855368849438
wt	1	wt1	fl	fll	13	0.6944203101381146	44.33338550583261
wt	1	wt1	fl	fll	14	0.2024976828465616	10.65343294342253
wt	1	wt1	fl	fll	15	0.6361406496713177	25.83509529680589
wt	1	wt1	fl	fll	16	0.5641232017421229	37.89981628855791
wt	1	wt1	fl	fll	17	1.3282297573308444	83.37758547365624
wt	1	wt1	fl	fll	18	0.3831340703995527	23.21227456451961
wt	1	wt1	fl	fll	19	0.6406492615134236	41.99360837226704
wt	1	wt1	fl	fll	20	0.12458013303454366	8.019347515407645
wt	1	wt1	fl	fll	21	0.5035379647390567	20.922215360948723
wt	1	wt1	fl	fll	22	0.3407500711783719	18.650072691851395
wt	1	wt1	fl	fll	23	0.48806363772479544	25.510965896060515
wt	1	wt1	fl	fll	24	0.429728522898938	28.760804247122742
wt	1	wt1	fl	fll	25	0.3537068871976554	21.011204589578547
wt	1	wt1	ml	mll	1	0.2598947166925804	11.688262620760067
wt	1	wt1	ml	mll	2	0.18040689761629536	12.554316986457906
wt	1	wt1	ml	mll	3	0.5016622564372387	29.984532457905917
wt	1	wt1	ml	mll	4	0.18242547850659416	7.585515342162859
wt	1	wt1	ml	mll	5	0.6986415385356821	39.176842172336606
wt	1	wt1	ml	mll	6	0.786726150531764	51.87606054300937
wt	1	wt1	ml	mll	7	0.36633637003461045	24.79878722459985
wt	1	wt1	ml	mll	8	0.4205280589909637	26.41120251850354
wt	1	wt1	ml	mll	9	0.2083725546479674	14.164806768768498
wt	1	wt1	ml	mll	10	0.2638514955558552	17.324567428273877
wt	1	wt1	ml	mll	11	0.0844532801386951	2.93178691472384
wt	1	wt1	ml	mll	12	0.13818165629369852	6.129820665668636
wt	1	wt1	ml	mll	13	0.23481136680700335	11.818411286194065
wt	1	wt1	ml	mll	14	0.11490257237994171	5.0917728753290605
wt	1	wt1	ml	mll	15	0.16414067824251696	9.679932277842449
wt	1	wt1	ml	mll	16	0.2622255042446849	14.037325783199453
wt	1	wt1	ml	mll	17	-0.044169192787433274	-7.833948626755239
wt	1	wt1	ml	mll	18	0.03230688497092008	-1.1998951091428545
wt	1	wt1	ml	mll	19	0.0374816363867536	-0.632437599283198
wt	1	wt1	ml	mll	20	0.0529314077637344	1.2258696121234967
wt	1	wt1	ml	mll	21	0.030540076677419686	-0.7298704579450181
wt	1	wt1	ml	mll	22	0.07527960153369094	3.929451114062681
wt	1	wt1	ml	mll	23	0.07751235696930082	3.17588672712329
wt	1	wt1	ml	mll	24	0.05725850363623086	1.5189961977671318
wt	1	wt2	fl	fll	1	0.8952022614015801	60.38055345558919
wt	1	wt2	fl	fll	2	0.8009078315932737	49.0223875627142
wt	1	wt2	fl	fll	3	0.6432989861239142	36.89351513929149
wt	1	wt2	fl	fll	4	0.8503969496620973	47.427322778165845
wt	1	wt2	fl	fll	5	0.5788735244351103	36.208426430504566
wt	1	wt2	fl	fll	6	0.6137567969904548	38.64025511599201
wt	1	wt2	fl	fll	7	1.081518340979441	72.56959485189893
wt	1	wt2	fl	fll	8	0.7192057118690395	49.76169806314764
wt	1	wt2	fl	fll	9	1.056886637375209	78.6620365956121
wt	1	wt2	fl	fll	10	0.3165676417883518	13.207852077233357
wt	1	wt2	fl	fll	11	1.218191266712553	77.54259889077458
wt	1	wt2	fl	fll	12	2.0924695162151465	172.7568326402202
wt	1	wt2	fl	fll	13	1.6586261030598768	109.55409709119989
wt	1	wt2	fl	fll	14	1.4411451375888822	104.21399317508937
wt	1	wt2	fl	fll	15	1.8311950472739345	123.55063325180748
wt	1	wt2	fl	fll	16	0.694208674254034	21.151503621308077
wt	1	wt2	fl	fll	17	0.4176514966448167	28.006131049768083
wt	1	wt2	fl	fll	18	0.5214186457976153	29.700078575221507
wt	1	wt2	fl	fll	19	0.9893458822199613	45.05006044118465
wt	1	wt2	fl	fll	20	1.5977564024785358	83.3002692326574
wt	1	wt2	fl	fll	21	0.29513896096171044	17.238311950061536
wt	1	wt2	fl	fll	22	0.32183982408836426	14.153208094207516
wt	1	wt2	fl	fll	23	0.23881205114534312	10.9019396390676
wt	1	wt2	fl	fll	24	0.09360300476064577	4.395685570603146
wt	1	wt2	fl	fll	25	0.2120213021345424	14.124405749128208
wt	1	wt2	fl	fll	26	0.4868785115042664	18.43407784882153
wt	1	wt2	fl	fll	27	0.11003090545875595	4.611107726865322
wt	1	wt2	fl	fll	28	0.2700663962745083	9.923040515865548
wt	1	wt2	fl	fll	29	0.23616636628667376	12.78590622936818
wt	1	wt2	fl	fll	30	0.1906445491708728	10.824385218368782
wt	1	wt2	fl	fll	31	0.06065808333533721	-1.8686484881687706
wt	1	wt4	fl	flr	1	0.31868305073528913	16.38255147950236
wt	1	wt4	fl	flr	2	1.1852278408234789	66.79825143988984
wt	1	wt4	fl	flr	3	0.8208557957751276	34.04389224457557
wt	1	wt4	fl	flr	4	0.8374557564927875	37.65414787363009
wt	1	wt4	fl	flr	5	0.6179697679779683	36.888868801931736
wt	1	wt4	fl	flr	6	1.415507198789825	87.6494241273308
wt	1	wt4	fl	flr	7	0.9413297452113675	59.92248072676849
wt	1	wt4	fl	flr	8	0.5474086625740472	33.34286744187828
wt	1	wt4	fl	flr	9	1.1877956546992627	70.26758269776148
wt	1	wt4	fl	flr	10	0.814728569085191	44.953649003385436
wt	1	wt4	fl	flr	11	0.9077244315358207	41.17681621217265
wt	1	wt4	fl	flr	12	0.8629105917743166	38.18768918079127
wt	1	wt4	fl	flr	13	0.7142149493858618	40.07904812970263
wt	1	wt4	fl	flr	14	1.076592083701545	50.714758136333934
wt	1	wt4	fl	flr	15	0.3556448584132427	16.628753686826233
wt	1	wt4	fl	flr	16	1.091209737154899	64.29057394958643
wt	1	wt4	fl	flr	17	0.2549226978666037	6.159099125967662
wt	1	wt4	fl	flr	18	0.29669733537903153	11.996258512263475
wt	1	wt4	fl	flr	19	0.39566167475071035	16.25172907555325
wt	1	wt4	fl	flr	20	0.3065941476410396	12.531285994446497
wt	1	wt4	fl	flr	21	0.29700001877675763	9.673642572957478
wt	1	wt4	fl	flr	22	0.3753032392448851	8.888703893574148
wt	1	wt4	fl	flr	23	0.48580736634084976	23.578483803529316
wt	1	wt4	fl	flr	24	0.29209511498469937	12.563224811243861
wt	1	wt4	fl	flr	25	0.1700389641824481	8.668356124516972
wt	1	wt4	fl	flr	26	0.2628805306971782	9.486930222208267
wt	1	wt4	fl	flr	27	0.2468062421411204	14.18473149096625
wt	1	wt4	fl	flr	28	0.5033682160010091	26.113036287638963
wt	1	wt4	fl	flr	29	0.4596427324009117	23.047787533303243
wt	1	wt4	fl	flr	30	0.4331023877761797	25.70661740700368
wt	1	wt4	fl	flr	31	0.40773158498634887	23.42277786509886
wt	1	wt4	fl	flr	32	0.2558119921219261	15.182412099930213
wt	1	wt4	fl	flr	33	0.25635259015758205	15.407954489090784
wt	1	wt4	fl	flr	34	0.471995440823216	13.68159510038825
wt	1	wt4	fl	flr	35	0.2082915456754107	10.87974849551713
wt	1	wt4	fl	flr	36	0.22546525811312482	10.982461073011304
wt	1	wt4	fl	flr	37	0.12735554144380778	4.689738900042294
wt	1	wt4	fl	flr	38	0.2526343141619946	14.39076556013599
wt	1	wt4	fl	flr	39	0.16216160361160498	7.374773848981206
wt	1	wt4	fl	flr	40	0.09449719463936425	4.011941814758663
wt	1	wt4	ml	mlr	1	0.2113952745563001	10.416817484026081
wt	1	wt4	ml	mlr	2	0.07927440914359649	2.376436894738765
wt	1	wt4	ml	mlr	3	0.08226855451864147	3.629203002792804
wt	1	wt4	ml	mlr	4	0.103358077899353	4.321794599571377
wt	1	wt4	ml	mlr	5	0.11374473311036583	4.51661171819674
wt	1	wt4	ml	mlr	6	0.10420743598053339	4.9294428216208415
wt	1	wt4	ml	mlr	7	0.09009983516850861	4.664697094072748
wt	1	wt4	ml	mlr	8	0.005323536295391975	-1.770733175350678
wt	1	wt4	ml	mlr	9	0.20354623551834397	11.826957356396882
wt	1	wt4	ml	mlr	10	0.03604393318315465	-1.041272336991665
wt	1	wt4	ml	mlr	11	0.2465113546264909	12.172837607960858
wt	1	wt4	ml	mlr	12	0.35975183055760174	19.12135077079679
wt	1	wt4	ml	mlr	13	0.2541888878335755	12.57362304150241
wt	1	wt4	ml	mlr	14	0.1445689912998161	6.339851988299835
wt	1	wt4	ml	mlr	15	0.13758376958128798	6.66832580325209
wt	1	wt4	ml	mlr	16	0.12938909375121085	4.539473050864102
wt	1	wt4	ml	mlr	17	0.05379738732631388	-1.2719355489381827
wt	1	wt4	ml	mlr	18	-0.02163523792613238	-7.794820497879436
wt	1	wt4	ml	mlr	19	0.17070919545954583	9.174790492704599
wt	1	wt4	ml	mlr	20	0.13113502343656563	5.646369962073504
wt	1	wt4	ml	mlr	21	0.19819591813097392	9.46449766213324
wt	1	wt4	ml	mlr	22	0.32948280665513124	14.92528913965609
wt	1	wt4	ml	mlr	23	0.13140707136960697	5.902915992164772
wt	1	wt4	ml	mlr	24	0.06788142897202909	2.365425965182067
wt	1	wt4	ml	mlr	25	0.12154684109185797	6.3325157746500285
wt	1	wt4	ml	mlr	26	0.015930374680426174	-4.424129815872238
wt	1	wt4	ml	mlr	27	0.06052174622625015	1.246845837236392
wt	2	wt1	fl	flr	1	0.08991615575449137	2.595403375958161
wt	2	wt1	fl	flr	2	0.11309786309549295	6.092303790115439
wt	2	wt1	fl	flr	3	0.10193180318682216	5.561549033251181
wt	2	wt1	fl	flr	4	0.20356845347225055	1.1375182001894637
wt	2	wt1	fl	flr	5	0.322783824653803	11.071107863768082
wt	2	wt1	fl	flr	6	0.366324740870396	9.053132056209538
wt	2	wt1	fl	flr	7	0.5427535197357012	21.00254419116865
wt	2	wt1	fl	flr	8	0.1956535414235183	12.827830709015451
wt	2	wt1	fl	flr	9	0.2774566817452194	17.007941197188682
wt	2	wt1	fl	flr	10	0.31595274003492063	23.14690698314243
wt	2	wt1	fl	flr	11	0.2921446162840396	20.536237674964067
wt	2	wt1	fl	flr	12	0.41726103979166596	21.116357408354606
wt	2	wt1	fl	flr	13	0.48055241804292137	29.871065857095143
wt	2	wt1	fl	flr	14	0.39752355862413535	18.962063651389915
wt	2	wt1	fl	flr	15	0.1659126603272217	5.464337954510251
wt	2	wt1	fl	flr	16	-0.005936568007366506	-5.933744564389719
wt	2	wt1	fl	flr	17	-0.2674468910133407	-29.564290632969044
wt	2	wt1	fl	flr	18	-0.23592937121617402	-28.22339924114004
wt	2	wt1	fl	flr	19	-0.08646276253605073	-13.4555794252749
wt	2	wt1	fl	flr	20	-0.11986070503500085	-21.399493368928148
wt	2	wt1	fl	flr	21	0.5552686305486556	0.9738274586792643
wt	2	wt1	fl	flr	22	-0.11043393297116423	-15.999283461624666
wt	2	wt1	fl	flr	23	0.20219172413442205	11.623567011502221
wt	2	wt1	fl	flr	24	0.2187844611502154	2.760932730468403
wt	2	wt1	fl	flr	25	-0.06850608184474637	-16.082104458743043
wt	2	wt1	fl	flr	26	0.21589149949026146	4.475947445837254
wt	2	wt1	ml	mlr	1	0.10490355425833374	4.87191952986636
wt	2	wt1	ml	mlr	2	0.14523988134794572	4.509761696417519
wt	2	wt1	ml	mlr	3	0.30704995752297604	16.2633653147062
wt	2	wt1	ml	mlr	4	0.14115880883993046	7.705962055897997
wt	2	wt1	ml	mlr	5	0.28778297053624124	15.728170236562537
wt	2	wt1	ml	mlr	6	0.45688639688830246	26.020046168908134
wt	2	wt1	ml	mlr	7	0.38307809449775027	24.328981661850026
wt	2	wt1	ml	mlr	8	0.3122869762185953	20.232829871531543
wt	2	wt1	ml	mlr	9	0.5059165771140814	32.303926774423296
wt	2	wt1	ml	mlr	10	0.07843154373611176	-0.29689761243507945
wt	2	wt1	ml	mlr	11	0.26159742284863224	12.332808735071989
wt	2	wt1	ml	mlr	12	0.3545722321657483	22.30096917271694
wt	2	wt1	ml	mlr	13	0.30295478732954817	19.553929367845097
wt	2	wt1	ml	mlr	14	0.39940674372731305	25.36574837635131
wt	2	wt2	fl	flr	1	0.11654831086480918	6.114468073861481
wt	2	wt2	fl	flr	2	0.1876793613804088	12.446947192900586
wt	2	wt2	fl	flr	3	0.133027551790671	8.574067123201626
wt	2	wt2	fl	flr	4	0.1808045427732872	12.635601960761651
wt	2	wt2	fl	flr	5	0.19978724290349803	13.256186201003581
wt	2	wt2	fl	flr	6	0.19113920255608846	13.885448516933948
wt	2	wt2	fl	flr	7	0.2304882315150408	15.906193731838702
wt	2	wt2	fl	flr	8	0.27311888997604417	18.30780750944994
wt	2	wt2	fl	flr	9	0.2528906253238936	15.848999781539034
wt	2	wt2	fl	flr	10	0.2886367423753965	20.358337128791252
wt	2	wt2	fl	flr	11	0.20784184317935442	13.237321882156968
wt	2	wt2	fl	flr	12	0.20041600476433702	12.831388148601677
wt	2	wt2	fl	flr	13	0.25084049765605254	17.48392306850557
wt	2	wt2	fl	flr	14	0.1828802560284676	11.313747240189743
wt	2	wt2	fl	flr	15	0.1760020721125415	12.534401745364944
wt	2	wt2	fl	flr	16	0.22846586393017512	14.80707904463861
wt	2	wt2	fl	flr	17	0.1603407847948505	10.609200184189225
wt	2	wt2	fl	flr	18	0.13387226246128625	8.954090352527217
wt	2	wt2	fl	flr	19	0.08683385539740712	6.540367644908455
wt	2	wt2	fl	flr	20	0.12305119093608873	8.184872069421633
wt	2	wt2	fl	flr	21	0.05739418823311844	1.387684812843484
wt	2	wt2	ml	mlr	1	0.46506117532536156	21.52264672339411
wt	2	wt2	ml	mlr	2	0.42394377367509517	20.68343252035351
wt	2	wt2	ml	mlr	3	0.3908642534087367	22.650336036872996
wt	2	wt2	ml	mlr	4	0.5510458282143172	18.01914252679652
wt	2	wt2	ml	mlr	5	0.3281365250312757	17.777191728552083
wt	2	wt2	ml	mlr	6	0.38577829834508437	24.68074010005863
wt	2	wt2	ml	mlr	7	0.26413257974286736	15.803046958697784
wt	2	wt2	ml	mlr	8	0.16023318463719077	8.421802913192439
wt	2	wt2	ml	mlr	9	0.1373348843530635	6.130040754900433
wt	2	wt2	ml	mlr	10	0.2666349904977579	15.641978755266997
wt	2	wt2	ml	mlr	11	0.3512387824666893	18.7773317043486
wt	2	wt2	ml	mlr	12	-9.830467287090495e-4	-2.6583884119793804
wt	2	wt2	ml	mlr	13	0.1550894868380193	5.091102561955813
wt	2	wt3	fl	flr	1	0.10319563483107151	-15.244389261728275
wt	2	wt3	fl	flr	2	0.20645281822042344	11.317138445382394
wt	2	wt3	fl	flr	3	0.4147808498716062	20.470510430296446
wt	2	wt3	fl	flr	4	0.06949016637873809	-5.018544321581751
wt	2	wt3	fl	flr	5	-0.2586743682389615	-31.84306431780405
wt	2	wt3	fl	flr	6	0.3510034636986719	15.031196396326145
wt	2	wt3	fl	flr	7	0.3018337230831845	20.4571629444774
wt	2	wt3	fl	flr	8	0.7943440345385352	59.93613041387923
wt	2	wt3	fl	flr	9	0.21269424691688382	11.990918655013605
wt	2	wt3	fl	flr	10	0.7086109133674424	50.253914829549885
wt	2	wt3	fl	flr	11	0.3220514087203474	14.944252346241885
wt	2	wt3	fl	flr	12	0.783934815930466	51.12264262017474
wt	2	wt3	fl	flr	13	0.4790247518871005	34.618883536719586
wt	2	wt3	fl	flr	14	0.1796405589130595	9.008554605920306
wt	2	wt3	fl	flr	15	0.2943618615484839	15.75121886476327
wt	2	wt3	fl	flr	16	0.23755190033991314	5.369970503900792
wt	2	wt3	fl	flr	17	0.455221478962463	29.11967108638847
wt	2	wt3	ml	mlr	1	0.09286998996466196	-0.17245923742738242
wt	2	wt3	ml	mlr	2	0.2502971685879561	10.526817262135355
wt	2	wt3	ml	mlr	3	0.23979467159796816	10.214382830443364
wt	2	wt3	ml	mlr	4	0.2474548077132026	10.922360515688522
wt	2	wt3	ml	mlr	5	0.37096237821820266	18.881829646827036
wt	2	wt3	ml	mlr	6	0.1438748237472112	-1.5068152668420636
wt	2	wt3	ml	mlr	7	0.47247774497195033	24.087523393580682
wt	2	wt3	ml	mlr	8	0.536520907648599	28.016898566084702
wt	2	wt3	ml	mlr	9	0.29892820073822945	7.585020651985986
wt	2	wt3	ml	mlr	10	0.7358050368235958	41.44251381699562
wt	2	wt3	ml	mlr	11	0.3034787479558057	14.681821713592731
wt	2	wt3	ml	mlr	12	0.08234936240909381	2.414497510866177
wt	2	wt3	ml	mlr	13	0.2316847759611407	14.047240578843088
wt	2	wt3	ml	mlr	14	0.13120841883130813	2.8091844576799474
wt	2	wt3	ml	mlr	15	0.3925402830475952	25.748678128457765
wt	2	wt3	ml	mlr	16	0.1080147454166572	6.137526604758849
wt	2	wt3	ml	mlr	17	0.1286295741821936	2.2273071611824333
wt	2	wt3	ml	mlr	18	-0.052343291635311935	-9.757111465373956
wt	3	wt1	fl	fll	1	0.1449972927116137	4.839207604903567
wt	3	wt1	fl	fll	2	0.12344793927136041	-3.2105264527679083
wt	3	wt1	fl	fll	3	0.16274588393084463	5.583837314649466
wt	3	wt1	fl	fll	4	0.12294764855613471	2.2216282839990447
wt	3	wt1	fl	fll	5	0.35539369268498616	12.323073148840962
wt	3	wt1	fl	fll	6	-0.10256946803711402	-12.727359595773654
wt	3	wt1	fl	fll	7	-0.08803627806977028	-18.734031356185284
wt	3	wt1	fl	fll	8	-0.009340987868905415	-19.471835556946868
wt	3	wt1	fl	fll	9	0.06693377580957331	-6.8264818159094895
wt	3	wt1	fl	fll	10	0.14483438312217037	3.3542686822808587
wt	3	wt1	fl	fll	11	0.38409903603117695	-4.098691443382435
wt	3	wt1	fl	fll	12	0.08970618414659298	5.571930698483083
wt	3	wt1	fl	fll	13	0.2615485347968112	15.328088803558737
wt	3	wt1	fl	fll	14	0.26289243356666314	18.591143969824987
wt	3	wt1	fl	fll	15	0.2114090086594205	14.454782029951666
wt	3	wt1	fl	fll	16	0.3244543965659282	16.0649802846258
wt	3	wt1	fl	fll	17	0.1684944441596762	10.44068474612164
wt	3	wt1	fl	fll	18	0.1199792437788993	5.355034724310494
wt	3	wt1	fl	fll	19	0.20595761006113206	14.655897717580247
wt	3	wt1	fl	fll	20	0.20477978766378413	11.799974937027441
wt	3	wt1	fl	fll	21	0.18107417486376176	12.44032758766871
wt	3	wt1	fl	fll	22	0.4157437799186837	28.00329167701587
wt	3	wt1	fl	fll	23	0.2201393658155295	15.701007852494584
wt	3	wt1	fl	fll	24	0.20095306482053882	13.25000080544925
wt	3	wt1	fl	fll	25	0.19510074892492135	12.990478889627182
wt	3	wt1	fl	fll	26	0.23277751602962463	17.006272568824734
wt	3	wt1	fl	fll	27	0.2988530478218807	17.7158915394112
wt	3	wt1	fl	fll	28	0.261207218454385	16.99373533663943
wt	3	wt1	fl	fll	29	0.2703409595087952	15.771534060589689
wt	3	wt1	fl	fll	30	0.1458193427127066	6.795331756990766
wt	3	wt1	fl	fll	31	0.26005107230227337	19.2681142313456
wt	3	wt1	fl	fll	32	0.14040496531456548	7.123261460551152
wt	3	wt1	fl	fll	33	0.18102188670231317	11.35668736300851
wt	3	wt1	fl	fll	34	0.3112790350834433	8.344691378739888
wt	3	wt1	fl	fll	35	0.1997532326813524	8.915256852881926
wt	3	wt1	fl	fll	36	0.18479583758055734	9.353327684560368
wt	3	wt1	fl	fll	37	0.005725592701833989	-4.636752290726647
wt	3	wt1	fl	fll	38	0.008817535108718707	-5.225360955064198
wt	3	wt1	fl	fll	39	0.2015034615544909	13.195357937569986
wt	3	wt1	fl	fll	40	0.3840479713940982	23.29954289319634
wt	3	wt1	fl	fll	41	0.21871903193652772	13.601727695231741
wt	3	wt1	fl	fll	42	0.0413615491511934	-1.8111674687692962
wt	3	wt1	fl	fll	43	0.2898167863191451	19.74040618817348
wt	3	wt1	fl	fll	44	0.13225895164724302	7.849613734799546
wt	3	wt1	fl	fll	45	0.10053341845396628	4.318067097578583
wt	3	wt1	fl	fll	46	0.21672718607918107	15.124293480869158
wt	3	wt1	fl	fll	47	0.18533695433201103	12.642796345573604
wt	3	wt1	ml	mll	1	0.23210974470367285	11.413141223361382
wt	3	wt1	ml	mll	2	0.4451697214372974	14.225192705361648
wt	3	wt1	ml	mll	3	0.06806696059762041	0.9438150649667602
wt	3	wt1	ml	mll	4	0.09484865219428548	2.976244047701593
wt	3	wt1	ml	mll	5	-0.19192721743371707	-28.066628202332307
wt	3	wt1	ml	mll	6	0.09899551866289392	6.501816856059105
wt	3	wt1	ml	mll	7	0.12146025298156805	7.822832123552423
wt	3	wt1	ml	mll	8	0.13571510491854188	8.960718110709445
wt	3	wt1	ml	mll	9	0.15062671502831604	10.456736164105033
wt	3	wt1	ml	mll	10	0.16977635214720332	11.473137280388114
wt	3	wt1	ml	mll	11	0.13588092157365242	8.000335725542191
wt	3	wt1	ml	mll	12	0.14762732683558044	10.51267364305091
wt	3	wt1	ml	mll	13	0.10923451500215463	7.435126571701437
wt	3	wt1	ml	mll	14	0.11539500454585427	7.844749602991903
wt	3	wt1	ml	mll	15	0.13233782477533607	9.259239966615954
wt	3	wt1	ml	mll	16	0.08509256846436351	5.081336335825647
wt	3	wt1	ml	mll	17	0.11562454358071171	8.748553383874649
wt	3	wt1	ml	mll	18	0.1257107140255085	8.519034864861045
wt	3	wt1	ml	mll	19	0.32155210958775665	3.2518185220056846
wt	3	wt1	ml	mll	20	0.23811861135304568	13.935350152662046
wt	3	wt1	ml	mll	21	0.46271425529076327	14.904057501506168
wt	3	wt1	ml	mll	22	0.23101477211134067	10.137208456670846
wt	3	wt1	ml	mll	23	0.252691122211572	7.37921340751212
wt	3	wt1	ml	mll	24	0.5172175613607849	18.035090834507336
wt	3	wt1	ml	mll	25	0.7209971094539562	6.500373669747382
wt	3	wt1	ml	mll	26	0.1582872834366022	4.942806973803921
wt	3	wt1	ml	mll	27	0.08637633411628722	3.639558057518094
wt	3	wt2	fl	flr	1	0.126830265215872	0.6502778462517269
wt	3	wt2	fl	flr	2	0.09813876475525696	2.8744479040785946
wt	3	wt2	fl	flr	3	0.17363527869906303	6.217469286968994
wt	3	wt2	fl	flr	4	0.19355050157525555	7.0043625383657755
wt	3	wt2	fl	flr	5	0.2711482503008728	10.57085654923532
wt	3	wt2	fl	flr	6	0.3083012364643185	15.443559546919158
wt	3	wt2	fl	flr	7	0.19399342644788917	12.01560094343958
wt	3	wt2	fl	flr	8	0.1689178517194587	9.571439064901469
wt	3	wt2	fl	flr	9	0.1801361922608492	7.716637262666112
wt	3	wt2	fl	flr	10	0.27386195004702224	18.7701370253893
wt	3	wt2	fl	flr	11	0.2372922585497241	15.369650612110508
wt	3	wt2	fl	flr	12	0.1539374356223306	9.49198728551138
wt	3	wt2	fl	flr	13	0.1353993860113931	7.521353228717643
wt	3	wt2	fl	flr	14	0.4220074120567495	16.7666599034431
wt	3	wt2	fl	flr	15	0.13491344305271694	6.898551751005028
wt	3	wt2	fl	flr	16	0.12072621287545936	5.552849659122005
wt	3	wt2	fl	flr	17	0.1842800385470062	10.821856203965389
wt	3	wt2	fl	flr	18	0.3141181041267792	13.968779441612313
wt	3	wt2	fl	flr	19	0.18254279845219415	10.7867630825513
wt	3	wt2	fl	flr	20	0.4044548164982619	14.43436753692801
wt	3	wt2	fl	flr	21	0.2225869170735502	11.682162637994297
wt	3	wt2	fl	flr	22	0.7071195992192458	36.09598613244361
wt	3	wt2	fl	flr	23	0.5362559972020022	24.319019234621933
wt	3	wt2	fl	flr	24	0.08856740862063167	2.748710554843046
wt	3	wt2	fl	flr	25	0.24909021825642289	16.354019428700283
wt	3	wt2	fl	flr	26	0.15533207109374447	5.751808180584752
wt	3	wt2	ml	mll	1	0.6680956307448657	49.65648299844584
wt	3	wt2	ml	mll	2	0.6720134473047108	49.880319353931235
wt	3	wt2	ml	mll	3	0.8205073273413261	61.54930595962169
wt	3	wt2	ml	mll	4	0.3692864226209293	24.66201463025199
wt	3	wt2	ml	mll	5	0.8554027202834544	65.53984117054269
wt	3	wt2	ml	mll	6	1.1242041325858436	89.26775602363517
wt	3	wt2	ml	mll	7	-0.013545770835894859	-8.481164964492066
wt	3	wt2	ml	mll	8	0.5030726481997657	23.29850307833091
wt	3	wt2	ml	mll	9	0.6535618961361462	40.29758277404896
wt	3	wt2	ml	mll	10	0.3960105417499327	23.47391190473712
wt	3	wt2	ml	mll	11	0.43413536144682435	29.44418086600769
wt	3	wt2	ml	mll	12	0.7324575036980386	48.746640520853084
wt	3	wt2	ml	mll	13	0.9110809449917486	58.75586229757871
wt	3	wt2	ml	mll	14	0.7241292216665066	49.67404726700213
wt	3	wt2	ml	mll	15	0.8076947164309587	59.163061376966425
wt	3	wt2	ml	mll	16	0.2049241615236339	12.423249284796228
wt	3	wt2	ml	mll	17	0.10360787850563209	6.112327420622337
wt	3	wt3	fl	fll	1	0.08181788906799736	4.194549281138702
wt	3	wt3	fl	fll	2	-0.020814370956168806	-6.247438162436583
wt	3	wt3	fl	fll	3	-0.170249582042261	-25.161299033186204
wt	3	wt3	fl	fll	4	0.31428650473198044	14.13307145806911
wt	3	wt3	fl	fll	5	0.16947199521540263	11.762122058906092
wt	3	wt3	fl	fll	6	0.19512628838547363	13.379721354330472
wt	3	wt3	fl	fll	7	0.1789641743387746	12.418637865274505
wt	3	wt3	fl	fll	8	0.1282649059827494	6.941587426450987
wt	3	wt3	fl	fll	9	0.1688497444032939	10.09684842298122
wt	3	wt3	fl	fll	10	0.22308519283860634	13.749273596854378
wt	3	wt3	fl	fll	11	0.14607752311393438	8.633122706260597
wt	3	wt3	fl	fll	12	0.1730645333365515	9.430864973214728
wt	3	wt3	fl	fll	13	0.06343733625325505	1.834132280378311
wt	3	wt3	fl	fll	14	0.11861585270961303	6.4488712105117845
wt	3	wt3	fl	fll	15	0.16011716048735	10.706580466824505
wt	3	wt3	fl	fll	16	0.16817282103972075	9.107886676593656
wt	3	wt3	fl	fll	17	0.1830489235432972	12.630693312603167
wt	3	wt3	fl	fll	18	0.11904271472439316	6.557994671355468
wt	3	wt3	fl	fll	19	0.14002151838484078	8.358339034333186
wt	3	wt3	fl	fll	20	0.18577618499399512	4.178113674841059
wt	3	wt3	fl	fll	21	0.12450897070769328	3.5685423994857266
wt	3	wt3	fl	fll	22	0.14901382503739247	7.924067824836681
wt	3	wt3	fl	fll	23	0.09234694063153272	0.3657835029017466
wt	3	wt3	fl	fll	24	0.09048526465516449	0.3435722566643529
wt	3	wt3	fl	fll	25	0.10961706569845783	4.442394860027985
wt	3	wt3	fl	fll	26	0.14269699489606302	8.864558868267537
wt	3	wt3	fl	fll	27	0.14785421749921848	9.225506158847825
wt	3	wt3	ml	mll	1	0.1483023629038969	6.698980626364037
wt	3	wt3	ml	mll	2	0.1225125157975281	5.737460200543854
wt	3	wt3	ml	mll	3	0.17051279530166977	9.592925701572899
wt	3	wt3	ml	mll	4	0.1926739475324617	8.269508842506012
wt	3	wt3	ml	mll	5	0.08674730542637692	2.4054732907436533
wt	3	wt3	ml	mll	6	0.12968825248338633	6.6742519482138825
wt	3	wt3	ml	mll	7	-0.0834916791253394	-12.600197639903548
wt	3	wt3	ml	mll	8	0.279477505019841	13.431383390186292
wt	3	wt3	ml	mll	9	0.18052121945214683	10.693878887441928
wt	3	wt3	ml	mll	10	-0.016477930640186097	-7.496733118766832
wt	3	wt3	ml	mll	11	-0.0444370071227057	-21.135372626639853
wt	3	wt3	ml	mll	12	0.18204541885355316	8.208829330997295
wt	3	wt3	ml	mll	13	0.1070352397547627	5.004987181226651
wt	3	wt3	ml	mll	14	0.10800471088890717	5.1451452983884485
wt	3	wt3	ml	mll	15	0.1333530835300896	6.8103814704498875
wt	3	wt3	ml	mll	16	0.2963530793997452	12.181179946474439
wt	3	wt3	ml	mll	17	0.2938496775355936	18.31144236332469
wt	3	wt3	ml	mll	18	0.27651644535901065	16.85794787340531
wt	3	wt3	ml	mll	19	0.030732248042786535	-1.3270559607038066
wt	3	wt3	ml	mll	20	0.16503561699762898	8.642357364116082
wt	3	wt3	ml	mll	21	-0.07072710865422226	-13.025943009694785
wt	3	wt3	ml	mll	22	0.004178314098307749	-6.245870249255
wt	3	wt3	ml	mll	23	-0.08782767803755312	-15.13778896421421
wt	3	wt3	ml	mll	24	0.08746937440156996	2.79744972881371
wt	3	wt3	ml	mll	25	0.07868293286659137	2.5315064840816723
wt	3	wt3	ml	mll	26	-0.03275548762095986	-13.694581075099409
wt	3	wt3	ml	mll	27	0.13285710800092262	4.23937652159594
wt	3	wt3	ml	mll	28	0.21335045115865317	11.896284719679949
wt	3	wt3	ml	mll	29	0.15195838127727085	7.6268354527557385
wt	3	wt3	ml	mll	30	0.17552812119805372	10.646660524098667
wt	3	wt3	ml	mll	31	0.03800963165868757	-1.0135828375008396
wt	3	wt3	ml	mll	32	-0.02462358035512476	-6.393618838502153
wt	3	wt3	ml	mll	33	-0.02613780660341536	-8.01077718705254
wt	3	wt3	ml	mll	34	0.042353945831614365	-0.3744899671039094
ht	3	ht1	fl	flr	1	0.28666031410432763	15.706638724072473
ht	3	ht1	fl	flr	2	0.07921682467295467	2.549865589285646
ht	3	ht1	fl	flr	3	0.2133178390910583	12.657435938260017
ht	3	ht1	fl	flr	4	0.35378606064606954	20.152682160406002
ht	3	ht1	fl	flr	5	0.5278283084287734	29.3648789424308
ht	3	ht1	fl	flr	6	0.5322002355843749	30.542974784169783
ht	3	ht1	fl	flr	7	0.844247383426435	50.822581483823065
ht	3	ht1	fl	flr	8	0.6428108680233118	39.31591445675196
ht	3	ht1	fl	flr	9	0.4713350494622484	29.651131543241597
ht	3	ht1	fl	flr	10	0.21013517068254253	12.737438590423432
ht	3	ht1	fl	flr	11	0.2351477774693861	12.779754389031691
ht	3	ht1	fl	flr	12	0.5205380396597442	30.294878446993362
ht	3	ht1	fl	flr	13	0.49204798342857275	31.533280318102268
ht	3	ht1	fl	flr	14	0.29966536989039283	17.745714931826225
ht	3	ht1	fl	flr	15	0.49450366390242967	27.041470855154493
ht	3	ht1	fl	flr	16	0.4455813314604446	22.439788192542697
ht	3	ht1	fl	flr	17	0.1832076503304336	10.227459872502706
ht	3	ht1	fl	flr	18	0.2508674571002076	12.708258145723235
ht	3	ht1	fl	flr	19	0.07705202613106707	2.2718310490438283
ht	3	ht1	fl	flr	20	0.7323910512642823	45.49549602341177
ht	3	ht1	fl	flr	21	0.1390248454490354	7.509736568299487
ht	3	ht1	fl	flr	22	0.33990694344900935	19.773871876310466
ht	3	ht1	fl	flr	23	0.220058355248609	12.606024350680947
ht	3	ht1	fl	flr	24	0.09725953161035593	3.5385462291615344
ht	3	ht1	fl	flr	25	0.31128387035081134	17.267763193069307
ht	3	ht1	ml	mll	1	0.3905740804605678	17.972617742311115
ht	3	ht1	ml	mll	2	0.1723387652445304	4.946583307902531
ht	3	ht1	ml	mll	3	0.2944258884674509	15.10903582020276
ht	3	ht1	ml	mll	4	0.6100198348529631	25.522870200967624
ht	3	ht1	ml	mll	5	0.3064145282651031	16.379476297470397
ht	3	ht1	ml	mll	6	0.2159925397677064	11.528799885241064
ht	3	ht1	ml	mll	7	0.40366881610258587	17.516937292006006
ht	3	ht1	ml	mll	8	0.19639790596030976	8.771928604155011
ht	3	ht1	ml	mll	9	0.391751724454904	19.537365565454017
ht	3	ht1	ml	mll	10	0.5985478077025663	33.108492926449465
ht	3	ht1	ml	mll	11	0.5062941607955134	31.97503917277796
ht	3	ht1	ml	mll	12	0.10254062295661528	2.1952568161263084
ht	3	ht1	ml	mll	13	0.4518607486572738	26.206718513042116
ht	3	ht1	ml	mll	14	0.24192348320339377	13.422828171641235
ht	3	ht1	ml	mll	15	0.23171623907047997	12.681387676758266
ht	3	ht1	ml	mll	16	0.47906575698098075	28.37631156311197
ht	3	ht1	ml	mll	17	0.44497177983975683	24.705505845665428
ht	3	ht1	ml	mll	18	0.6409386695064868	36.76111843189893
ht	3	ht1	ml	mll	19	0.5407744236493367	30.821867086821474
ht	3	ht1	ml	mll	20	0.22249550492903725	11.94831018081743
ht	3	ht1	ml	mll	21	0.26700134139292386	14.5623583081476
ht	3	ht1	ml	mll	22	0.09913651095978716	3.3058282287392142
ht	3	ht1	ml	mll	23	0.36868475175342535	18.85584979798692
ht	3	ht1	ml	mll	24	0.18286282456736144	7.892471972313527
ht	3	ht1	ml	mll	25	0.09940879672838232	3.7933114372656402
ht	3	ht1	ml	mll	26	0.08523544091979873	3.1531698933927017
ht	3	ht1	ml	mll	27	0.5008876618478951	28.968046109741945
ht	3	ht1	ml	mll	28	0.163861291109685	5.762738337440363
ht	3	ht1	ml	mll	29	0.1757353411929831	6.5003803350943965
ht	3	ht1	ml	mll	30	0.15190492873196873	6.152213802203091
ht	3	ht1	ml	mll	31	0.11259337280354793	3.821706162451758
ht	3	ht2	fl	fll	1	0.15573167756477327	4.3491372111529705
ht	3	ht2	fl	fll	2	0.06013680357479932	-5.979507092241001
ht	3	ht2	fl	fll	3	0.11288120778985805	5.511432935075174
ht	3	ht2	fl	fll	4	0.18898978094133645	8.408325315073187
ht	3	ht2	fl	fll	5	0.1676804212960924	5.916754543413319
ht	3	ht2	fl	fll	6	0.1304264769837072	1.7433569453897757
ht	3	ht2	fl	fll	7	0.23611871733661483	12.240976973507848
ht	3	ht2	fl	fll	8	0.1644664899195202	6.023357540385563
ht	3	ht2	fl	fll	9	0.2957543282682625	12.249862502772727
ht	3	ht2	fl	fll	10	0.5248055942925606	27.175536691130873
ht	3	ht2	fl	fll	11	0.1958409987937253	10.799385997777465
ht	3	ht2	fl	fll	12	0.4001281233685035	24.40459049872115
ht	3	ht2	fl	fll	13	0.2332151119612154	12.309036584714507
ht	3	ht2	fl	fll	14	0.36279791383773713	19.03391198476871
ht	3	ht2	fl	fll	15	0.4145921779811086	25.29869060835844
ht	3	ht2	fl	fll	16	0.11873206204350652	4.008992450877224
ht	3	ht2	fl	fll	17	0.06853556737065274	1.6885955145352474
ht	3	ht2	fl	fll	18	0.1885600582609736	11.054852544355102
ht	3	ht2	fl	fll	19	0.10646949455155862	4.391846038773547
ht	3	ht2	fl	fll	20	0.20558546857081095	9.832460015750865
ht	3	ht2	ml	mll	1	0.4407128286621501	29.057680161973444
ht	3	ht2	ml	mll	2	0.3995534569205674	24.51223337778846
ht	3	ht2	ml	mll	3	0.5610425209991581	35.3032008899462
ht	3	ht2	ml	mll	4	0.3439371785999825	24.17109075821635
ht	3	ht2	ml	mll	5	0.4745568648710766	32.12727958250403
ht	3	ht2	ml	mll	6	0.3357272725580918	20.403660018644008
ht	3	ht2	ml	mll	7	0.3782735139647321	24.953933783417128
ht	3	ht2	ml	mll	8	0.30242880157620916	19.923090790058804
ht	3	ht2	ml	mll	9	0.45074944143242834	28.16713612054563
ht	3	ht2	ml	mll	10	0.3517771244768228	20.34523978831805
ht	3	ht2	ml	mll	11	1.0368389445938586	58.976306290285756
ht	3	ht2	ml	mll	12	0.721359744565981	33.209484184710064
ht	3	ht2	ml	mll	13	0.6533212147695577	37.142707504340535
ht	3	ht2	ml	mll	14	0.7564130053250194	45.18924174387514
ht	3	ht2	ml	mll	15	0.5371318130418462	24.585272046110095
ht	3	ht2	ml	mll	16	0.3459284739963263	11.96025159397333
ht	3	ht2	ml	mll	17	0.4353866601299653	23.81538133209471
ht	3	ht2	ml	mll	18	0.4931909503507616	28.465038886162617
ht	3	ht2	ml	mll	19	0.08824542105013959	1.6345063561433897
ht	3	ht2	ml	mll	20	-0.07391512655873216	-14.541318060664263
ht	3	ht2	ml	mll	21	0.2176510879325206	9.390825562631123
ht	3	ht2	ml	mll	22	0.10015655211189527	3.8503850361266285
ht	3	ht2	ml	mll	23	0.02631814696411451	-3.496250964949233
ht	3	ht2	ml	mll	24	0.03391720437315298	-1.5675528719468261
ht	3	ht2	ml	mll	25	0.050692624829720555	-1.8631346418155932
ht	3	ht2	ml	mll	26	0.6562324447769622	21.821837744754095
ht	3	ht3	fl	fll	1	0.06376043727632404	-5.662482504404553
ht	3	ht3	fl	fll	2	0.40497308366228235	20.719238903186532
ht	3	ht3	fl	fll	3	0.23189958978550623	9.475794731805394
ht	3	ht3	fl	fll	4	0.48209568278017173	11.219700065400552
ht	3	ht3	fl	fll	5	0.1395088501786193	2.208145729154275
ht	3	ht3	fl	fll	6	0.49760792527238645	28.60825626669946
ht	3	ht3	fl	fll	7	0.3408463447338161	15.077102854318062
ht	3	ht3	fl	fll	8	0.62178754607061415	37.21057770429468
ht	3	ht3	fl	fll	9	0.8534817841672171	54.1113270241579
ht	3	ht3	fl	fll	10	0.7186593882828861	46.321379460844604
ht	3	ht3	fl	fll	11	0.4012276399418496	24.098181967100423
ht	3	ht3	fl	fll	12	0.6411836909338481	40.30048113549483
ht	3	ht3	fl	fll	13	0.37837709015061527	21.38086289496651
ht	3	ht3	fl	fll	14	0.43945522626355016	23.26661335720217
ht	3	ht3	fl	fll	15	0.1313889786591761	5.315384881027449
ht	3	ht3	fl	fll	16	0.2681931399868083	13.137139387972494
ht	3	ht3	fl	fll	17	0.18115406620705993	7.861568613846254
ht	3	ht3	fl	fll	18	0.55965020115035	23.053388730753102
ht	3	ht3	fl	fll	19	0.3236416697831596	14.727040302787602
ht	3	ht3	fl	fll	20	0.10565163331868596	3.9532985909049296
ht	3	ht3	fl	fll	21	0.41425291467145425	21.964797291497632
ht	3	ht3	fl	fll	22	0.0858161881912587	3.551199515708762
ht	3	ht3	fl	fll	23	0.0654937422373627	2.1380519957364745
ht	3	ht3	fl	fll	24	0.11290382030343743	2.1867529726362878
ht	3	ht3	ml	mll	1	0.44664897082565064	19.87172774816921
ht	3	ht3	ml	mll	2	0.6618911979838391	28.554619970357134
ht	3	ht3	ml	mll	3	0.5710647747822066	36.24636073261228
ht	3	ht3	ml	mll	4	0.3833558818167366	23.306031717060904
ht	3	ht3	ml	mll	5	0.5528325135808196	29.60106755183697
ht	3	ht3	ml	mll	6	0.20398635126964304	10.105092996512596
ht	3	ht3	ml	mll	7	1.0261830984210207	70.22870401201226
ht	3	ht3	ml	mll	8	0.22579547525231528	10.792687573680706
ht	3	ht3	ml	mll	9	0.05975089289716406	1.2085168378651872
ht	3	ht3	ml	mll	10	0.06553317178255182	-0.20881112604287483
ht	3	ht3	ml	mll	11	0.3001300198439899	13.728983206193936
ht	3	ht3	ml	mll	12	0.38038820371843113	22.040394855308026
ht	3	ht3	ml	mll	13	0.16608970330046122	11.085328754140033
ht	3	ht3	ml	mll	14	0.03006666554836706	-2.6173496664183626
ht	3	ht3	ml	mll	15	0.043229619387774774	-1.9130952908651344
ht	3	ht3	ml	mll	16	0.765235209462335	43.212979945081294
ht	3	ht3	ml	mll	17	0.5830132986544994	26.735078427393407
ht	3	ht3	ml	mll	18	0.6065072376104678	38.08400047997402
ht	3	ht3	ml	mll	19	0.042290948096890574	-1.3631298931490894
ht	3	ht3	ml	mll	20	0.07670392982595556	0.958463480775987
ht	3	ht4	fl	fll	1	0.32727674418865044	19.24512827049517
ht	3	ht4	fl	fll	2	0.27326246124308656	18.456827395402282
ht	3	ht4	fl	fll	3	0.22043218099788459	13.993317884315953
ht	3	ht4	fl	fll	4	0.16252601236143782	9.618764502231876
ht	3	ht4	fl	fll	5	0.16725119756970208	10.932815990621938
ht	3	ht4	fl	fll	6	0.21159129891157152	8.59901645125063
ht	3	ht4	fl	fll	7	0.2522744515920042	17.404983361268787
ht	3	ht4	fl	fll	8	0.15046435979074127	9.22019498272357
ht	3	ht4	fl	fll	9	0.2647596123334064	18.97254252596769
ht	3	ht4	fl	fll	10	0.13093472250612476	8.151502674788011
ht	3	ht4	fl	fll	11	0.1741378923739103	10.798568627147594
ht	3	ht4	fl	fll	12	0.11085168440985249	6.451985893592133
ht	3	ht4	fl	fll	13	0.0951672447221875	4.7809874806332795
ht	3	ht4	fl	fll	14	0.17735214901461607	12.471126027196458
ht	3	ht4	fl	fll	15	0.11490442958130508	6.72479436663401
ht	3	ht4	fl	fll	16	0.4567609451714097	21.404468679726396
ht	3	ht4	fl	fll	17	0.045893119437491255	-0.1153301125564232
ht	3	ht4	fl	fll	18	0.1798270676696348	11.478181264251283
ht	3	ht4	fl	fll	19	-0.04774345646231497	-7.24300374153713
ht	3	ht4	fl	fll	20	-0.0036379670572798594	-3.9499900186462082
ht	3	ht4	fl	fll	21	0.052370092822119206	0.3279932207091293
ht	3	ht4	fl	fll	22	0.07348175428257286	2.8373445154745505
ht	3	ht4	fl	fll	23	-0.018050584267119387	-6.676341170268146
ht	3	ht4	fl	fll	24	0.11243393102502086	5.243825098935901
ht	3	ht4	fl	fll	25	-0.06353329753824595	-10.780021854228304
ht	3	ht4	fl	fll	26	0.13990789807654969	9.351542246268096
ht	3	ht4	fl	fll	27	0.12727270913047406	7.747252578261244
ht	3	ht4	fl	fll	28	0.12331439938395979	7.679073551824715
ht	3	ht4	fl	fll	29	0.15163978381302592	10.352514683432457
ht	3	ht4	fl	fll	30	-0.13970753210185732	-22.067008709880895
ht	3	ht4	fl	fll	31	0.21368725749076442	11.799432731101094
ht	3	ht4	fl	fll	32	0.16512086543987245	9.818495303274533
ht	3	ht4	fl	fll	33	0.17970979403935472	11.052620050896724
ht	3	ht4	ml	mll	1	0.4749658750432954	27.639644030917335
ht	3	ht4	ml	mll	2	-0.04334052266964182	-12.909604832273269
ht	3	ht4	ml	mll	3	0.4428482818328696	24.529723249743718
ht	3	ht4	ml	mll	4	0.11965719457349425	3.965120822366777
ht	3	ht4	ml	mll	5	0.08800711138019036	4.9854617264127725
ht	3	ht4	ml	mll	6	0.13442014265042784	5.56222154100058
ht	3	ht4	ml	mll	7	0.0882362063663798	4.239387785661615
ht	3	ht4	ml	mll	8	0.00832559842917522	-4.204934770969611
ht	3	ht4	ml	mll	9	-0.07975228630015253	-12.763845232834935
ht	3	ht4	ml	mll	10	-0.05005839080143519	-8.251225502041255
ht	3	ht4	ml	mll	11	0.18248342637590054	6.058072505069174
ht	3	ht4	ml	mll	12	0.04597522385872454	0.9171068937273799
ht	3	ht4	ml	mll	13	0.197904574885776	13.823194720776925
ht	3	ht4	ml	mll	14	0.10792764762797301	6.149457720844506
ko	1	ko1	fl	flr	1	1.408833410656007	94.47867249288315
ko	1	ko1	fl	flr	2	0.7314972356387358	53.074128237300236
ko	1	ko1	fl	flr	3	1.3923227584107243	101.81735464848539
ko	1	ko1	fl	flr	4	1.3263887329152024	103.08017686599639
ko	1	ko1	fl	flr	5	1.07067760598831	54.35726930488615
ko	1	ko1	fl	flr	6	0.9553359920644556	33.98789952247096
ko	1	ko1	fl	flr	7	1.3898254250935622	82.72205475285678
ko	1	ko1	fl	flr	8	1.6915914554237033	117.88729825050015
ko	1	ko1	fl	flr	9	1.4812316988645708	92.11865488842886
ko	1	ko1	fl	flr	10	1.5855257768584583	111.81735064387198
ko	1	ko1	fl	flr	11	1.2750015718125576	79.17259607529978
ko	1	ko1	fl	flr	12	0.8044883244300536	45.06189118776052
ko	1	ko1	fl	flr	13	1.2649248949419374	76.35826350047371
ko	1	ko1	fl	flr	14	1.4540098495624292	95.7910626589412
ko	1	ko1	fl	flr	15	1.0612007422581993	71.45460484176927
ko	1	ko1	fl	flr	16	0.14638291518055924	7.149494339132316
ko	1	ko1	fl	flr	17	0.5016841632829623	30.5923809202816
ko	1	ko1	fl	flr	18	0.7301783730851445	50.94096342831508
ko	1	ko1	ml	mll	1	0.8179473377330344	47.29981600778666
ko	1	ko1	ml	mll	2	0.6993512704946542	42.5317888817179
ko	1	ko1	ml	mll	3	0.9592027527949536	59.5189704611715
ko	1	ko1	ml	mll	4	0.7745868399592072	49.82682448373122
ko	1	ko1	ml	mll	5	0.8320908854293741	43.30116864611797
ko	1	ko1	ml	mll	6	1.0759885866731165	51.1760257195535
ko	1	ko1	ml	mll	7	0.9263091573906406	45.442274433281014
ko	1	ko1	ml	mll	8	0.9245179342460942	47.505222993801254
ko	1	ko1	ml	mll	9	0.44553697206438664	28.45126298950392
ko	1	ko1	ml	mll	10	0.324011656122167	17.781066087011126
ko	1	ko1	ml	mll	11	0.2722794106542446	16.37891212192154
ko	1	ko1	ml	mll	12	0.11497229403951838	5.619038520208477
ko	1	ko1	ml	mll	13	0.03163933837228185	-0.7845744682622059
ko	1	ko1	ml	mll	14	0.07161491285772391	2.1056367155306788
ko	1	ko1	ml	mll	15	0.19832825181641411	9.027678302027915
ko	1	ko1	ml	mll	16	-0.05737500902930467	-11.035014871786473
ko	1	ko1	ml	mll	17	-0.08740947092729488	-13.252707666952475
ko	1	ko1	ml	mll	18	-0.050937344205302895	-9.320175546464355
ko	1	ko1	ml	mll	19	0.6781322060300108	17.62960573091245
ko	1	ko1	ml	mll	20	0.7570502753600883	32.07382664572898
ko	1	ko1	ml	mll	21	0.32573450439193635	7.2254372160305955
ko	1	ko1	ml	mll	22	0.3525516501848377	13.14075175630785
ko	1	ko1	ml	mll	23	-0.09928311479171467	-14.464556442867448
ko	1	ko1	ml	mll	24	-0.14069757843914	-18.425631341120855
ko	1	ko2	fl	fll	1	0.044140528879759125	-3.369814909444777
ko	1	ko2	fl	fll	2	0.2646791193926658	0.5059121222923644
ko	1	ko2	fl	fll	3	0.0967577610160582	-5.894881022742204
ko	1	ko2	fl	fll	4	0.06408712882338023	0.5728698443058114
ko	1	ko2	fl	fll	5	0.1885617280611897	11.139862922476121
ko	1	ko2	fl	fll	6	0.39756192371708515	20.510326058881006
ko	1	ko2	fl	fll	7	0.26274391749606335	12.43037513257315
ko	1	ko2	fl	fll	8	0.24292069954603637	12.446389753981165
ko	1	ko2	fl	fll	9	0.2792798792989509	12.699035694178768
ko	1	ko2	fl	fll	10	0.4944412708047572	26.43090966890831
ko	1	ko2	fl	fll	11	0.43351919666139127	24.592947256667028
ko	1	ko2	fl	fll	12	0.3762253612430949	19.081962039134414
ko	1	ko2	fl	fll	13	0.7915966363920826	41.89411631198258
ko	1	ko2	fl	fll	14	0.9118366030866775	40.65055150979782
ko	1	ko2	fl	fll	15	0.5163361570833365	17.13862429600138
ko	1	ko2	fl	fll	16	0.35440444543728045	11.780979696280932
ko	1	ko2	fl	fll	17	0.008518847957876037	-11.272105095246888
ko	1	ko2	fl	fll	18	0.583665919475473	34.49105596385452
ko	1	ko2	fl	fll	19	0.6798157859311308	42.596678591921474
ko	1	ko2	fl	fll	20	0.8129268549966483	49.60985396977111
ko	1	ko2	fl	fll	21	0.39913273205839644	19.932209073406714
ko	1	ko2	fl	fll	22	0.12841180421372717	2.287866377387366
ko	1	ko2	fl	fll	23	0.405069999614227	19.556458712689228
ko	1	ko2	fl	fll	24	0.1588219985062508	2.962096023542754
ko	1	ko2	fl	fll	25	0.09881602578452432	5.70728929334715
ko	1	ko2	fl	fll	26	0.2746699765726793	7.730253826295689
ko	1	ko2	fl	fll	27	0.34473980245597	15.845479526410159
ko	1	ko2	fl	fll	28	0.30073589532443756	15.12257426302481
ko	1	ko2	fl	fll	29	-9.3352700311342e-4	-5.21872079616665
ko	1	ko2	fl	fll	30	0.12198169820079577	6.390661311582233
ko	1	ko2	fl	fll	31	0.2365791917629134	6.1611215219166375
ko	1	ko2	fl	fll	32	0.543432890832774	23.279923262679198
ko	1	ko2	fl	fll	33	0.02092890135276169	-4.449785386465896
ko	1	ko2	ml	mll	1	1.1909857267194712	50.6411228432118
ko	1	ko2	ml	mll	2	0.5308139538768158	27.09199814554626
ko	1	ko2	ml	mll	3	0.7364418444536152	40.874776594709836
ko	1	ko2	ml	mll	4	0.3269729192349195	23.721249416753786
ko	1	ko2	ml	mll	5	0.4400194688133199	28.70925376186103
ko	1	ko2	ml	mll	6	0.6248295670856051	37.806445275213306
ko	1	ko2	ml	mll	7	0.15415233857045152	9.661932933583508
ko	1	ko2	ml	mll	8	0.3146059617685324	22.88330139931437
ko	1	ko2	ml	mll	9	0.4098867499105412	19.669814212179794
ko	1	ko2	ml	mll	10	0.1525034985781951	8.233806632177743
ko	1	ko2	ml	mll	11	0.5778287114586461	33.225768931858475
ko	1	ko2	ml	mll	12	0.45189337026843385	31.30070125706081
ko	1	ko2	ml	mll	13	0.35887567248385505	16.92243494512942
ko	1	ko2	ml	mll	14	-0.13380380525626445	-18.784709124006348
ko	1	ko2	ml	mll	15	0.4584994002968329	29.607571179109968
ko	1	ko2	ml	mll	16	0.3670972386809157	22.574482646972065
ko	1	ko2	ml	mll	17	0.4834968219719942	27.938296909292546
ko	1	ko2	ml	mll	18	0.4096393262579058	25.84770038970823
ko	1	ko2	ml	mll	19	0.6502357423075891	34.0739488088917
ko	1	ko2	ml	mll	20	0.47678059064498296	30.34543849450387
ko	1	ko2	ml	mll	21	0.4218750866677772	27.958975353106567
ko	1	ko2	ml	mll	22	0.6316016383725397	33.5889448463671
ko	1	ko2	ml	mll	23	0.4375905386083242	28.201973486136446
ko	1	ko2	ml	mll	24	0.29822597571972	23.575610156244558
ko	1	ko2	ml	mll	25	0.07623449938165028	2.5979018539861674
ko	1	ko2	ml	mll	26	0.12509135407990504	8.093207228465054
ko	1	ko2	ml	mll	27	0.09052646565704738	4.081968479632714
ko	1	ko2	ml	mll	28	0.08136974858274382	3.586487536285604
ko	1	ko2	ml	mll	29	0.06441689292123262	1.1332687249128415
ko	1	ko2	ml	mll	30	0.4120407458513494	17.610068597048762
ko	1	ko2	ml	mll	31	0.10218137400948966	5.849375281256223
ko	1	ko2	ml	mll	32	0.12446286072088994	7.090366942693746
ko	1	ko2	ml	mll	33	0.11641105717774192	5.612432628090696
ko	1	ko3	fl	fll	1	1.7291972903521764	114.92836469489137
ko	1	ko3	fl	fll	2	1.2067149399107802	77.4579550381945
ko	1	ko3	fl	fll	3	1.136243087447526	75.89277622372573
ko	1	ko3	fl	fll	4	1.4690222529910488	103.7899574524321
ko	1	ko3	fl	fll	5	0.7643665126813745	51.29248338655331
ko	1	ko3	fl	fll	6	0.7828793750084475	49.21865669346476
ko	1	ko3	fl	fll	7	1.1370903113764268	66.09144298885992
ko	1	ko3	fl	fll	8	1.4172587089328326	82.2132011944654
ko	1	ko3	fl	fll	9	0.11582171522947335	5.365772696292141
ko	1	ko3	fl	fll	10	-0.01079030056947038	-4.713541763087302
ko	1	ko3	fl	fll	11	0.8283999415232648	48.47811267333776
ko	1	ko3	fl	fll	12	0.5114353394416784	25.203016962415496
ko	1	ko3	fl	fll	13	0.15215290989597066	7.003276426196312
ko	1	ko3	fl	fll	14	1.0209745093446605	59.277806582618204
ko	1	ko3	fl	fll	15	0.05593827174720743	1.402684877279806
ko	1	ko3	fl	fll	16	0.3868619775836451	23.855089532352853
ko	1	ko3	fl	fll	17	0.3211927622861032	19.401852082861456
ko	1	ko3	fl	fll	18	0.270659365623656	14.099905589270158
ko	1	ko3	fl	fll	19	0.7579128927122879	41.50683921618858
ko	1	ko3	fl	fll	20	0.47410541690676766	30.29057774686709
ko	1	ko3	fl	fll	21	0.3423198440000336	22.41650628624788
ko	1	ko3	ml	mll	1	0.22984171594854177	7.199813175319261
ko	1	ko3	ml	mll	2	0.26321270029580174	15.733320697261192
ko	1	ko3	ml	mll	3	0.41676054659556794	22.216794691833122
ko	1	ko3	ml	mll	4	0.5158837809259178	28.28032344821313
ko	1	ko3	ml	mll	5	0.27169233699381484	14.136374279339224
ko	1	ko3	ml	mll	6	0.34366760976160765	20.666510976131487
ko	1	ko3	ml	mll	7	0.5484348203336861	28.611005690857642
ko	1	ko3	ml	mll	8	0.397000668096307	20.154640881494455
ko	1	ko3	ml	mll	9	0.4093844990931808	21.430531094840585
ko	1	ko3	ml	mll	10	0.33997792322034326	22.51837534468895
ko	1	ko3	ml	mll	11	0.30898201035809325	17.81786304470781
ko	1	ko3	ml	mll	12	0.3787124299602019	27.84135019671359
ko	1	ko3	ml	mll	13	0.30676447332298223	19.323398984135803
ko	1	ko3	ml	mll	14	0.25523624183220806	13.377477355518897
ko	1	ko3	ml	mll	15	0.306387174693125	18.70893555374408
ko	1	ko3	ml	mll	16	0.1720331497920921	10.500396432786111
ko	1	ko3	ml	mll	17	-0.13966850267182163	-17.019998922095514
ko	1	ko3	ml	mll	18	0.21036845959440034	11.105427981360856
ko	1	ko3	ml	mll	19	0.16566159517371254	11.37274684218633
ko	1	ko3	ml	mll	20	0.3904545727286149	21.917342932366992
ko	1	ko3	ml	mll	21	0.1840577243647497	11.220725380387986
ko	1	ko3	ml	mll	22	0.44778118654041293	11.675364238429024
ko	1	ko3	ml	mll	23	0.08525240377317327	4.38573327460811
ko	1	ko3	ml	mll	24	0.14085497814575848	6.218545339980338
ko	1	ko3	ml	mll	25	0.21051010408537632	16.8213338490976
ko	1	ko3	ml	mll	26	0.40441444272580573	8.701006392260267
ko	1	ko3	ml	mll	27	0.26419406723402933	8.306769981887564
ko	1	ko3	ml	mll	28	0.07378791688315589	-0.9317534937578608
ko	1	ko3	ml	mll	29	-0.027773532428840796	-10.214467186646317
ko	1	ko3	ml	mll	30	-0.004686356941878191	-4.996462888298707
ko	1	ko3	ml	mll	31	0.01506692535296707	-3.9466678914301303
ko	1	ko3	ml	mll	32	0.04770567158835758	-1.0466513066361898
ko	1	ko3	ml	mll	33	0.09319820482999584	3.6959668117561404
ko	2	ko1	fl	flr	1	0.6039671188412692	41.20537208333311
ko	2	ko1	fl	flr	2	1.2954121436801116	69.55687025233023
ko	2	ko1	fl	flr	3	0.7275916809841669	46.140779772269916
ko	2	ko1	fl	flr	4	1.5651922741010422	109.07219434295773
ko	2	ko1	fl	flr	5	0.4093145457116607	25.625044027481888
ko	2	ko1	fl	flr	6	0.9585659806156115	54.616915917051685
ko	2	ko1	fl	flr	7	0.9992235899641044	55.22667555017
ko	2	ko1	fl	flr	8	0.8860422597752571	60.8634869811897
ko	2	ko1	fl	flr	9	0.7537862453268062	50.46383708729157
ko	2	ko1	fl	flr	10	0.4518975842942311	22.457481253341328
ko	2	ko1	fl	flr	11	0.5508341255987789	25.451786417669904
ko	2	ko1	fl	flr	12	0.49086229737976794	12.80113256502281
ko	2	ko1	fl	flr	13	0.7723862582393685	39.91260114608568
ko	2	ko1	fl	flr	14	0.4754725183464945	26.50557550616648
ko	2	ko1	fl	flr	15	0.4839660368674049	26.916870356091504
ko	2	ko1	fl	flr	16	0.9392657500342299	56.890030773936516
ko	2	ko1	fl	flr	17	0.17522170857806096	7.047037720386671
ko	2	ko1	fl	flr	18	-0.17116149070837539	-36.35599485593167
ko	2	ko1	fl	flr	19	0.6191133695836728	26.388188901595488
ko	2	ko1	fl	flr	20	0.1284217319300808	3.5872639718842154
ko	2	ko1	fl	flr	21	0.32473149639836607	14.376020575385134
ko	2	ko1	fl	flr	22	0.2159731546256464	11.712374064173314
ko	2	ko1	fl	flr	23	0.5169773976556945	25.466242982755638
ko	2	ko1	fl	flr	24	0.7054306438886102	36.24756214026498
ko	2	ko1	fl	flr	25	0.16211623535888772	5.4092265265373465
ko	2	ko1	ml	mlr	1	0.22213413272240035	13.250907645313639
ko	2	ko1	ml	mlr	2	0.13385346437452175	7.937020306625384
ko	2	ko1	ml	mlr	3	0.11149377721677589	5.515602504269343
ko	2	ko1	ml	mlr	4	0.10669952399997228	5.868367058070341
ko	2	ko1	ml	mlr	5	0.3941314943709161	17.63164807362929
ko	2	ko1	ml	mlr	6	0.3269179420628205	14.468606473374466
ko	2	ko1	ml	mlr	7	0.27313796259961726	14.409327836548474
ko	2	ko1	ml	mlr	8	0.224485070668981	3.226838646936855
ko	2	ko1	ml	mlr	9	0.23414647252384105	3.2577519737440617
ko	2	ko1	ml	mlr	10	0.2510355376092344	10.764197503175494
ko	2	ko1	ml	mlr	11	0.6276495776660639	27.343691696718256
ko	2	ko1	ml	mlr	12	0.46481126045588517	26.403450425672148
ko	2	ko1	ml	mlr	13	0.17721980989539685	11.520646692904638
ko	2	ko1	ml	mlr	14	0.15497287839943175	9.108862589754619
ko	2	ko1	ml	mlr	15	0.002640354792229166	-2.4281176267316833
ko	2	ko1	ml	mlr	16	0.12455754518196435	8.107435495345166
ko	2	ko2	fl	fll	1	1.948038915244657	150.79431303473336
ko	2	ko2	fl	fll	2	1.6776543364904781	135.71148707566724
ko	2	ko2	fl	fll	3	0.9372566349805451	69.7951218424714
ko	2	ko2	fl	fll	4	1.455455492938472	112.59210155485684
ko	2	ko2	fl	fll	5	1.3684696320069765	108.05428922934665
ko	2	ko2	fl	fll	6	2.2135476570731605	145.6869677705021
ko	2	ko2	fl	fll	7	1.8916209106579152	106.74482376664322
ko	2	ko2	fl	fll	8	2.5294169945506657	150.99359076025266
ko	2	ko2	fl	fll	9	1.2700025424861823	97.73043527366907
ko	2	ko2	fl	fll	10	1.217654132827454	87.70171405714447
ko	2	ko2	fl	fll	11	1.240890234605735	91.16938839866613
ko	2	ko2	fl	fll	12	1.2767746385976277	104.54195392026993
ko	2	ko2	fl	fll	13	1.0691269435572348	89.3996071287318
ko	2	ko2	fl	fll	14	1.4117101194581891	82.51941512760973
ko	2	ko2	fl	fll	15	0.8394975388639276	71.0568522950046
ko	2	ko2	fl	fll	16	0.08313017020327973	-0.11458325331812419
ko	2	ko2	fl	fll	17	0.96363375276008445	81.65911418667467
ko	2	ko2	fl	fll	18	0.38446039429940143	25.67493658886404
ko	2	ko2	fl	fll	19	0.43310619105890535	35.67942175648749
ko	2	ko2	ml	mlr	1	0.1410259129793846	5.828661399507012
ko	2	ko2	ml	mlr	2	0.15098379678693002	5.951804199642235
ko	2	ko2	ml	mlr	3	0.12931771508852885	6.338799046752075
ko	2	ko2	ml	mlr	4	0.34418863513471465	20.015733281586996
ko	2	ko2	ml	mlr	5	0.3827233513595123	20.116861737650982
ko	2	ko2	ml	mlr	6	1.3036546784245753	75.70142952897461
ko	2	ko2	ml	mlr	7	0.6247390194004131	37.195408028601506
ko	2	ko2	ml	mlr	8	0.5720544976547256	29.39237559091631
ko	2	ko2	ml	mlr	9	0.2830504074962776	14.323937398730168
ko	2	ko2	ml	mlr	10	0.521385678523407	28.13582998854971
ko	2	ko2	ml	mlr	11	0.06435867574345445	1.8940097611077036
ko	2	ko2	ml	mlr	12	0.8845217262227146	51.619087426664116
ko	2	ko2	ml	mlr	13	0.08507053615253045	2.4398530900256974
ko	2	ko2	ml	mlr	14	0.0685854682584152	2.915166193516902
ko	2	ko3	fl	flr	1	-0.04519859221482778	-17.130725312625195
ko	2	ko3	fl	flr	2	0.12396120380728018	1.0804066190332986
ko	2	ko3	fl	flr	3	0.08212419494759579	3.522462274098897
ko	2	ko3	fl	flr	4	0.22533817754827287	8.555576231221329
ko	2	ko3	fl	flr	5	0.3794068521716992	22.457202730943507
ko	2	ko3	fl	flr	6	0.2887065737474564	16.282572358585828
ko	2	ko3	fl	flr	7	0.384269264559481	20.648415289240237
ko	2	ko3	fl	flr	8	0.32912069481611883	19.21995478373761
ko	2	ko3	fl	flr	9	0.372961908775694	16.899817590449473
ko	2	ko3	fl	flr	10	0.07835702189079814	-6.0352518371388335
ko	2	ko3	fl	flr	11	0.19696467673525547	12.686572622472852
ko	2	ko3	fl	flr	12	0.500813797174734	33.9557366714866
ko	2	ko3	fl	flr	13	0.2584931977139809	12.535290613044154
ko	2	ko3	fl	flr	14	0.19020927288035958	10.673101293349841
ko	2	ko3	fl	flr	15	0.2550224961695559	12.79849152824859
ko	2	ko3	fl	flr	16	0.4339251891099633	27.271540021082085
ko	2	ko3	fl	flr	17	0.47222272356486594	27.310369766702564
ko	2	ko3	fl	flr	18	0.19847520138757643	6.033804215837113
ko	2	ko3	fl	flr	19	0.24503206667748773	14.310792677080043
ko	2	ko3	fl	flr	20	0.30918060602990843	19.388567848691558
ko	2	ko3	fl	flr	21	0.21636830271480745	14.132930279808164
ko	2	ko3	fl	flr	22	0.3314194633939117	19.30485373872959
ko	2	ko3	fl	flr	23	0.05437317093472412	0.17967590583001647
ko	2	ko3	fl	flr	24	0.45176770757544277	19.521461427963885
ko	2	ko3	fl	flr	25	0.29690783154654565	16.452353759421637
ko	2	ko3	fl	flr	26	0.3362146388659694	16.32192356688676
ko	2	ko3	fl	flr	27	0.2965863857025537	12.261956422453512
ko	2	ko3	ml	mll	1	0.47404982426058445	9.000407595285804
ko	2	ko3	ml	mll	2	0.2837627147871985	4.245958223354064
ko	2	ko3	ml	mll	3	0.3049905493456764	8.184422713590102
ko	2	ko3	ml	mll	4	0.5595935678359424	16.383264589641033
ko	2	ko3	ml	mll	5	0.2555429094913774	3.8073331567637747
ko	2	ko3	ml	mll	6	0.3859841526313716	13.639507981923543
ko	2	ko3	ml	mll	7	0.11362949751665984	-0.6642972039082947
ko	2	ko3	ml	mll	8	0.27092674926643273	10.475568178947546
ko	2	ko3	ml	mll	9	0.1279204567570698	3.861222415933664
ko	2	ko3	ml	mll	10	0.19320006916634672	0.9485528990673858
ko	2	ko3	ml	mll	11	0.2101062612546372	6.436262021970172
ko	2	ko3	ml	mll	12	0.17914515171632053	5.24680266407902
ko	2	ko3	ml	mll	13	0.5655409578428201	8.940931274393765
ko	2	ko3	ml	mll	14	0.2401666411746632	13.181880904063332
ko	2	ko3	ml	mll	15	0.14024514654991632	7.842973939107193
ko	2	ko3	ml	mll	16	0.7303048393294542	41.19699485546611
ko	2	ko3	ml	mll	17	0.165765099682287	7.725512764443346
ko	2	ko3	ml	mll	18	0.1530286935550408	5.980739144258719
ko	2	ko3	ml	mll	19	0.06085800809568458	1.1387613201192552
ko	2	ko3	ml	mll	20	0.15691224022783243	4.758358907774259
ko	2	ko3	ml	mll	21	0.7767367043294063	36.17515923648193
ko	3	ko1	fl	fll	1	1.5006897732947948	97.24333549300127
ko	3	ko1	fl	fll	2	1.4660889352431383	98.2546285064523
ko	3	ko1	fl	fll	3	1.3687885990597957	93.12796323001422
ko	3	ko1	fl	fll	4	2.1144832540959535	141.8389613241801
ko	3	ko1	fl	fll	5	2.2136068326270575	161.75648577403098
ko	3	ko1	fl	fll	6	1.8963859648940904	139.3689802264201
ko	3	ko1	fl	fll	7	0.49757082749149534	33.493439911840035
ko	3	ko1	fl	fll	8	0.6320602161237312	44.31580007223188
ko	3	ko1	fl	fll	9	1.0160793404803146	62.72650559322103
ko	3	ko1	fl	fll	10	2.4156790126686163	158.5942487668354
ko	3	ko1	fl	fll	11	1.8695309995413683	139.13283813345174
ko	3	ko1	fl	fll	12	1.7093752729508473	121.13972533565585
ko	3	ko1	fl	fll	13	0.9897177198369248	69.86888420649991
ko	3	ko1	fl	fll	14	1.8271019080121473	133.5802695285882
ko	3	ko1	fl	fll	15	2.6450201562384987	172.15884899075974
ko	3	ko1	fl	fll	16	2.5627979326489165	187.1703684052142
ko	3	ko1	fl	fll	17	2.193475443799135	163.7181805795078
ko	3	ko1	fl	fll	18	0.6146154420372592	42.95606699574231
ko	3	ko1	fl	fll	19	0.8703738536836142	64.78786014496781
ko	3	ko1	fl	fll	20	0.5100462464003874	36.45864484898439
ko	3	ko1	fl	fll	21	1.438906600718919	111.83307385190238
ko	3	ko1	fl	fll	22	2.075289612215059	143.81640791110237
ko	3	ko1	fl	fll	23	2.737697265374029	203.89457076251517
ko	3	ko1	fl	fll	24	3.118472830125707	233.0823316016503
ko	3	ko1	fl	fll	25	2.0502555598692287	141.6810636950942
ko	3	ko1	fl	fll	26	0.9989979243690794	64.39207119081252
ko	3	ko1	fl	fll	27	0.8509823006327099	56.330305959692794
ko	3	ko1	fl	fll	28	1.4043377978937213	108.00576418191353
ko	3	ko1	fl	fll	29	1.1614670327114927	87.1423482531194
ko	3	ko1	fl	fll	30	1.5044936945296157	101.5311531090663
ko	3	ko1	fl	fll	31	2.0518912595080616	127.26502331947997
ko	3	ko1	fl	fll	32	1.9422424357685704	126.88664880242176
ko	3	ko1	fl	fll	33	2.287796488457602	159.4706176177626
ko	3	ko1	fl	fll	34	1.700366767765381	120.27835827573755
ko	3	ko1	fl	fll	35	0.5760380425609567	41.871272206971334
ko	3	ko1	fl	fll	36	1.085122726094951	78.39773088022551
ko	3	ko1	ml	mll	1	0.10895323936242561	3.6600038278547697
ko	3	ko1	ml	mll	2	0.3263422109973388	18.16992735776085
ko	3	ko1	ml	mll	3	0.3653390566602038	16.739886192100457
ko	3	ko1	ml	mll	4	0.6333803007894676	27.60786106349353
ko	3	ko1	ml	mll	5	0.3163594283643508	14.714118937136266
ko	3	ko1	ml	mll	6	0.44333905896102344	22.47424087168197
ko	3	ko1	ml	mll	7	0.22712754545447356	11.715253061690678
ko	3	ko1	ml	mll	8	0.983395602510094	33.71013764213902
ko	3	ko1	ml	mll	9	0.43913319145214436	22.01853506053443
ko	3	ko1	ml	mll	10	0.5596322668676634	32.037826177171006
ko	3	ko1	ml	mll	11	0.7950799605865383	48.85170210848621
ko	3	ko1	ml	mll	12	0.5755860988925242	33.23343505330156
ko	3	ko1	ml	mll	13	0.75474482068028	39.320956089845566
ko	3	ko1	ml	mll	14	0.7806188952689038	49.60573983394971
ko	3	ko1	ml	mll	15	0.640623622644263	40.873075758593686
ko	3	ko1	ml	mll	16	1.5353696110196846	90.51980346791177
ko	3	ko1	ml	mll	17	1.0513488339895702	72.85146104640647
ko	3	ko1	ml	mll	18	1.002852677527874	62.60866356312783
ko	3	ko1	ml	mll	19	0.09512803496698151	1.527455148254778
ko	3	ko1	ml	mll	20	0.6793099103093895	38.1075229024434
ko	3	ko1	ml	mll	21	0.08589988707071831	3.5691588000199967
ko	3	ko1	ml	mll	22	0.021801271763305423	-3.481019281875086
ko	3	ko1	ml	mll	23	0.36670321977389514	16.946014588199034
ko	3	ko1	ml	mll	24	0.49220667569068033	29.599191184869916
ko	3	ko1	ml	mll	25	0.05557536417705426	0.3418891741130103
ko	3	ko1	ml	mll	26	0.0460240966920729	-0.14304155631489454
ko	3	ko1	ml	mll	27	0.10784813452001149	4.644389501362563
ko	3	ko1	ml	mll	28	0.14592215245071885	8.853882923690179
ko	3	ko1	ml	mll	29	0.06100394585993744	0.5466517891590393
ko	3	ko1	ml	mll	30	0.2021103840617402	3.6789044061837592
ko	3	ko1	ml	mll	31	0.21967133217407306	7.241864391459624
ko	3	ko1	ml	mll	32	0.2346343095025238	10.976297628654374
ko	3	ko1	ml	mll	33	0.34961964027766473	6.115521725070991
ko	3	ko2	fl	flr	1	0.24950525001615978	11.745444705343463
ko	3	ko2	fl	flr	2	0.24521148764105025	7.6400640026761
ko	3	ko2	fl	flr	3	0.26341689244195843	12.3001152346207
ko	3	ko2	fl	flr	4	0.14484254850914716	6.674233494421396
ko	3	ko2	fl	flr	5	0.1192637743619955	0.3340551276847681
ko	3	ko2	fl	flr	6	0.18862497757245647	7.059131622789153
ko	3	ko2	fl	flr	7	0.15782055362989345	9.626692433243038
ko	3	ko2	fl	flr	8	0.1389869428100881	8.922223813932941
ko	3	ko2	fl	flr	9	0.12816527890999987	7.440738266047954
ko	3	ko2	fl	flr	10	0.17689930912415402	8.643573255858865
ko	3	ko2	fl	flr	11	0.09236768975404151	-1.3069008057547102
ko	3	ko2	fl	flr	12	0.31464889559666037	11.437387552487753
ko	3	ko2	ml	mll	1	0.7183721869006952	29.12165974519851
ko	3	ko2	ml	mll	2	0.4517690134737959	22.668349355740546
ko	3	ko2	ml	mll	3	0.8879560707785921	37.58031207191626
ko	3	ko2	ml	mll	4	1.3537004380518534	85.08306071136423
ko	3	ko2	ml	mll	5	0.7305689171790614	38.66714727887173
ko	3	ko2	ml	mll	6	0.6190485464999637	31.668106389047193
ko	3	ko2	ml	mll	7	1.2612344504291848	81.88544151747283
ko	3	ko2	ml	mll	8	0.7522268538220963	46.39571479945691
ko	3	ko2	ml	mll	9	0.810984745557342	48.87802170987275
ko	3	ko2	ml	mll	10	0.9169274921498561	51.14818534887556
ko	3	ko2	ml	mll	11	1.4330382812135423	84.59626905390964
ko	3	ko2	ml	mll	12	0.4409159307146478	25.67757270254493
ko	3	ko2	ml	mll	13	0.5731091579720392	29.706603104294736
ko	3	ko2	ml	mll	14	0.46990669473487257	29.65928967618632
ko	3	ko2	ml	mll	15	0.5394494956515469	33.46070678985508
ko	3	ko2	ml	mll	16	0.503298666328094	30.941586279309675
ko	3	ko2	ml	mll	17	0.756892451086651	49.94907444311372
ko	3	ko2	ml	mll	18	0.03918601789038748	-6.543441829929636
ko	3	ko2	ml	mll	19	0.7884218251028156	44.1292502691975
ko	3	ko2	ml	mll	20	0.8550632208909787	41.81719140471889
ko	3	ko2	ml	mll	21	0.6913066607682716	34.55543119849135
ko	3	ko2	ml	mll	22	0.7079851782816463	34.57048592525169
ko	3	ko2	ml	mll	23	0.7057952662218969	37.24840042169852
ko	3	ko2	ml	mll	24	0.7398034717355394	29.68425921841844
ko	3	ko2	ml	mll	25	0.12279630079533893	4.161485510010652
ko	3	ko2	ml	mll	26	0.22208663132337786	9.898633153388648
ko	3	ko2	ml	mll	27	0.0682233012063512	0.3988479906293318
ko	3	ko2	ml	mll	28	0.2414067659429096	4.130703283873018
ko	3	ko3	fl	fll	1	1.0965157995649446	66.46474930333144
ko	3	ko3	fl	fll	2	0.2508355349213974	12.178968016042214
ko	3	ko3	fl	fll	3	0.41752253357548286	20.021541227053824
ko	3	ko3	fl	fll	4	0.8523630272637016	36.01193387569109
ko	3	ko3	fl	fll	5	1.2369695343019491	61.22171158007312
ko	3	ko3	fl	fll	6	1.1536365289479114	55.60103616418894
ko	3	ko3	fl	fll	7	1.6304866732904773	84.79632861978213
ko	3	ko3	fl	fll	8	0.8856360824193162	52.76985744963228
ko	3	ko3	fl	fll	9	1.624892192244474	92.73995826292897
ko	3	ko3	fl	fll	10	1.232237758742192	73.98561478634285
ko	3	ko3	fl	fll	11	1.3126805432017068	90.00445829959858
ko	3	ko3	fl	fll	12	0.48832274914977114	30.41395785011516
ko	3	ko3	fl	fll	13	0.8041743725489158	51.18352002929274
ko	3	ko3	fl	fll	14	0.3097559014140348	19.542489912351417
ko	3	ko3	fl	fll	15	0.19711379614148283	10.503033270668952
ko	3	ko3	fl	fll	16	0.6052914661227076	32.289813920272614
ko	3	ko3	fl	fll	17	0.8582187429384804	39.6345995443165
ko	3	ko3	fl	fll	18	0.3356595211216331	19.43827858612676
ko	3	ko3	fl	fll	19	0.5004008128889126	27.990269466865335
ko	3	ko3	fl	fll	20	0.3775040886644372	19.9382523350724
ko	3	ko3	fl	fll	21	0.528406691319055	14.523058011202131
ko	3	ko3	fl	fll	22	0.444239034916421	23.967044015368845
ko	3	ko3	ml	mll	1	0.32936829995906297	17.13734304556899
ko	3	ko3	ml	mll	2	0.41389711507405663	13.941401666361024
ko	3	ko3	ml	mll	3	0.17967359143857298	6.7345664067154445
ko	3	ko3	ml	mll	4	0.15570278181742686	6.21491096207367
ko	3	ko3	ml	mll	5	0.1430736963973588	3.4408276659735413
ko	3	ko3	ml	mll	6	0.1391412240552389	3.55087281279037
ko	3	ko3	ml	mll	7	0.11379070481266756	0.25358938949290655
ko	3	ko3	ml	mll	8	0.16653124286005494	7.036688033150638
ko	3	ko3	ml	mll	9	0.07704154226690192	-0.48539193228874444
ko	3	ko3	ml	mll	10	0.07819785172375295	0.28499231655317525
ko	3	ko3	ml	mll	11	2.0333996820639526	107.92482683668348
ko	3	ko3	ml	mll	12	1.2696158858441755	57.70353811184747
ko	3	ko3	ml	mll	13	0.9996412419162495	49.54843704517085
ko	3	ko3	ml	mll	14	1.6279875391410294	78.34612919316437
ko	3	ko3	ml	mll	15	1.001105326720446	50.65003221601748
ko	3	ko3	ml	mll	16	1.2016714462067843	54.58258438280036
ko	3	ko3	ml	mll	17	0.5869180730921484	27.245846006492673
ko	3	ko3	ml	mll	18	1.1437633990679543	69.33250914946969
ko	3	ko3	ml	mll	19	1.0193790343724294	65.49836590022703
ko	3	ko3	ml	mll	20	1.1074021396359814	59.21746760381414
ko	3	ko3	ml	mll	21	0.6794056657593361	28.690870472948173
ko	3	ko3	ml	mll	22	0.9030831044960729	54.40682347612093
ko	3	ko3	ml	mll	23	0.6322424583938205	36.188920882556424
ko	3	ko3	ml	mll	24	0.6061847011350027	31.590622086778808
ko	3	ko3	ml	mll	25	0.7717641440445555	51.06141088547195
ko	3	ko3	ml	mll	26	0.7163003074438065	24.31734871580911
ko	3	ko3	ml	mll	27	0.5887563327625697	24.652967072504737
ko	3	ko3	ml	mll	28	0.6690934519679431	31.622212694469244
ko	3	ko3	ml	mll	29	0.6114416832305681	23.811810612911973
ko	3	ko3	ml	mll	30	0.4048167994370402	13.956867966790275
ko	3	ko4	fl	fll	1	2.1033253001008667	90.2216345573378
ko	3	ko4	fl	fll	2	2.168602219643631	91.41370881132372
ko	3	ko4	fl	fll	3	0.681866492360505	31.95172999190659
ko	3	ko4	fl	fll	4	1.1088752400150699	47.47515957573679
ko	3	ko4	fl	fll	5	1.3259221234788794	60.20054596396705
ko	3	ko4	fl	fll	6	0.7048169912414229	49.12981634807375
ko	3	ko4	fl	fll	7	0.4229037826015725	27.390295161949787
ko	3	ko4	fl	fll	8	1.118615046267572	68.62499518065876
ko	3	ko4	fl	fll	9	0.9188419503572455	38.72384889046269
ko	3	ko4	fl	fll	10	0.7289898729407669	39.92093445298229
ko	3	ko4	fl	fll	11	0.39801416994900146	23.386577897969367
ko	3	ko4	fl	fll	12	0.781221430943318	48.69962478716703
ko	3	ko4	fl	fll	13	0.7864165881278641	47.135741600337326
ko	3	ko4	fl	fll	14	0.6307011197109635	31.0772272197517
ko	3	ko4	fl	fll	15	0.8317231073795703	57.3853650193432
ko	3	ko4	fl	fll	16	1.364958045551468	75.01146385303207
ko	3	ko4	fl	fll	17	0.672978056540298	29.835333651412974
ko	3	ko4	fl	fll	18	0.7284735692401162	36.061735951302815
ko	3	ko4	fl	fll	19	0.699132071540809	36.86635613852084
ko	3	ko4	fl	fll	20	0.9009488496054371	61.4751821008452
ko	3	ko4	fl	fll	21	0.5135556758623564	26.233745360126047
ko	3	ko4	fl	fll	22	0.5842710109368372	29.89987920558901
ko	3	ko4	fl	fll	23	0.9117983488073163	57.31048406615989
ko	3	ko4	fl	fll	24	0.211966823548195	3.2914843753663745
ko	3	ko4	fl	fll	25	0.40140493316664344	15.831602248771127
ko	3	ko4	fl	fll	26	0.5588093683427735	30.30496918318214
ko	3	ko4	fl	fll	27	1.0292080023259973	65.3726701809958
ko	3	ko4	fl	fll	28	0.49833393605510645	24.905111680021193
ko	3	ko4	fl	fll	29	0.18642716265541623	-3.733642689220339
ko	3	ko4	fl	fll	30	0.3564598709931117	15.189351312612713
ko	3	ko4	fl	fll	31	0.4812027981388683	21.114693411517234
ko	3	ko4	fl	fll	32	0.6088300809823871	32.75616221438935
ko	3	ko4	fl	fll	33	0.44226898026002076	20.186572357244167
ko	3	ko4	fl	fll	34	0.2756485020422095	10.529126488581708
ko	3	ko4	fl	fll	35	0.12457334694758478	7.217073078434384
ko	3	ko4	fl	fll	36	0.2176690873727582	13.222628847853953
ko	3	ko4	fl	fll	37	0.3592936893672223	18.0202722329391
ko	3	ko4	fl	fll	38	0.3353496954826978	17.913530644036474
ko	3	ko4	fl	fll	39	0.519242911765191	26.494560838727672
ko	3	ko4	fl	fll	40	0.5192329791158694	26.29083476625336
ko	3	ko4	fl	fll	41	0.21049584123605042	14.756694460281306
ko	3	ko4	fl	fll	42	0.2612207672457215	18.315226930998506
ko	3	ko4	ml	mll	1	0.29628743419709497	13.28062317004799
ko	3	ko4	ml	mll	2	-0.0782185089984831	-27.116807188302207
ko	3	ko4	ml	mll	3	0.1637993421725533	4.6994131814499145
ko	3	ko4	ml	mll	4	0.3807814564409115	18.63085567179849
ko	3	ko4	ml	mll	5	-0.1014575169824267	-16.796302332306944
ko	3	ko4	ml	mll	6	1.3709412025500645	60.80590144886211
ko	3	ko4	ml	mll	7	0.17758251479497628	8.959332232356477
ko	3	ko4	ml	mll	8	0.04206224910419326	-2.402035973572545
ko	3	ko4	ml	mll	9	0.3936117770403593	24.385898996974184
ko	3	ko4	ml	mll	10	0.5642015637000579	29.36095216831217
ko	3	ko4	ml	mll	11	0.499174450311927	18.91185022588274
ko	3	ko4	ml	mll	12	0.8212663358684619	47.06102932088008
ko	3	ko4	ml	mll	13	0.5671177122090933	33.88630807571258
ko	3	ko4	ml	mll	14	0.602290080314379	34.963235657038766
ko	3	ko4	ml	mll	15	0.43445709785949094	27.14896452447076
ko	3	ko4	ml	mll	16	0.17617294610589448	8.277350672971416
ko	3	ko4	ml	mll	17	0.4697542984355698	28.597005042584083
ko	3	ko4	ml	mll	18	0.6941906530757599	46.0564563623424
ko	3	ko4	ml	mll	19	0.8875736509321732	51.26854697032106
ko	3	ko4	ml	mll	20	0.953695603615384	49.55655257774188
ko	3	ko4	ml	mll	21	0.6961375072008104	35.72112870094548
ko	3	ko4	ml	mll	22	0.3130297298937211	17.98956152826224
ko	3	ko4	ml	mll	23	0.23094798778047831	10.161805132312917
ko	3	ko4	ml	mll	24	0.26811018562443945	14.729411496354968
ko	3	ko4	ml	mll	25	0.25378818906806394	13.402040401204914
ko	3	ko4	ml	mll	26	0.17309369791123752	-1.362163798124639
ko	3	ko4	ml	mll	27	0.028282826483627708	-7.904540306709372
ko	3	ko4	ml	mll	28	0.7438879201668284	58.4192510915526
ko	3	ko4	ml	mll	29	0.06893700743407025	-0.8671820373376408
ko	3	ko4	ml	mll	30	0.17104310366881448	3.213118474969347
ko	3	ko4	ml	mll	31	0.11467147535906445	-1.118821232906171
ko	3	ko4	ml	mll	32	0.1672325843114213	7.397699226856464
ko	3	ko4	ml	mll	33	0.10957875113050022	3.605517479570524
